gap_id,filled,east,tier,gbm_prob,area_m2,height_m,imperv_frac,dist_road,neigh_completeness,fill_ratio
0,False,False,1,0.1959,37.5,2.7,0.9684,19.7456,0.0,0.6806
1,False,True,1,0.3789,51.2,3.7,0.7698,20.6084,0.9565,0.7193
2,False,False,2,0.0359,50.5,9.3,1.0,75.8277,0.6,0.5994
3,True,True,2,0.9533,88.2,2.4,0.9875,16.9594,0.0,0.7953
4,True,False,1,0.8497,56.2,3.2,0.8851,19.1248,0.0,0.6883
5,True,True,2,0.9697,83.8,3.1,1.0,16.7887,0.0,0.8146
6,True,True,2,0.9938,137.8,3.0,0.9921,21.5338,0.0,0.7929
7,True,True,2,0.101,127.8,2.4,0.8725,19.4262,0.5,0.6901
8,True,True,2,0.9933,172.2,3.1,0.9006,23.1939,0.0,0.5784
9,True,True,2,0.9934,173.2,2.9,0.9655,20.19,0.0,0.6623
10,False,False,2,0.0058,33.8,8.3,0.6211,3.0878,0.0,0.5209
11,True,True,2,0.9915,134.5,3.0,0.9817,17.9873,0.0,0.8399
12,True,False,0,0.551,50.5,3.7,0.4741,37.9119,0.0417,0.5536
13,True,False,2,0.9756,105.0,3.4,0.9748,34.3203,0.0435,0.6717
14,True,True,2,0.9934,141.0,3.0,0.9603,16.9702,0.0769,0.6596
15,False,False,2,0.0315,31.5,5.0,0.9176,2.8192,0.0,0.5826
16,False,False,2,0.026,24.2,5.5,0.5833,0.6328,0.0,0.3346
17,False,True,1,0.6826,59.8,3.0,0.8795,14.7133,0.0,0.3409
18,True,False,2,0.9921,179.5,2.9,0.932,25.0472,0.0,0.7658
19,True,False,2,0.8225,308.0,3.6,0.943,52.3863,0.04,0.5336
20,True,False,1,0.8329,65.0,3.0,0.929,18.4621,0.0,0.6247
21,True,True,2,0.2726,141.0,2.3,0.98,18.0429,0.5455,0.6868
22,False,False,1,0.287,64.5,3.1,0.9655,54.4141,0.037,0.7266
23,True,False,2,0.9935,224.2,2.9,0.9519,18.5191,0.0,0.7666
24,True,False,2,0.9951,91.2,3.5,0.668,20.3087,0.0,0.5864
25,False,False,1,0.303,31.2,3.0,0.9318,47.945,0.037,0.5412
26,True,False,2,0.9935,134.2,2.7,0.978,19.5949,0.0,0.6788
27,True,False,2,0.9864,82.2,3.5,0.9545,20.4129,0.0,0.8039
28,True,False,2,0.9934,115.8,3.5,0.9358,19.813,0.0,0.6515
29,True,False,1,0.9951,98.2,3.0,0.4757,20.8502,0.0,0.5962
30,True,False,2,0.9935,198.0,2.7,0.9759,17.7591,0.0,0.6287
31,True,False,2,0.9935,120.5,3.2,0.921,17.7083,0.0,0.7656
32,False,False,1,0.2059,48.5,3.1,0.7402,32.4322,0.0,0.6181
33,False,False,1,0.2166,26.8,3.3,0.8571,19.1751,0.0,0.4082
34,True,False,2,0.9934,149.0,2.7,0.9494,19.3038,0.0,0.457
35,True,False,2,0.9934,160.0,3.8,0.9468,17.6215,0.0,0.7043
36,True,False,2,0.9934,212.2,3.9,0.895,16.2866,0.0,0.6289
37,False,False,2,0.0121,23.5,6.5,0.6984,1.4093,0.25,0.426
38,False,True,1,0.0539,39.8,4.0,0.4091,17.1163,0.9524,0.4964
39,False,False,1,0.1212,32.0,2.3,0.973,36.1831,0.0,0.6959
40,False,False,1,0.0917,26.5,2.8,0.7632,38.9643,0.0,0.5827
41,False,False,1,0.1703,41.8,3.4,1.0,32.732,0.0333,0.8214
42,True,False,2,0.9937,163.5,3.1,0.9867,15.185,0.0,0.6219
43,False,False,1,0.1388,39.0,7.2,0.0,35.9683,0.0312,0.7567
44,True,False,2,0.9935,163.0,3.1,0.9083,15.2765,0.0,0.7622
45,True,False,2,0.9934,152.0,3.0,0.9784,15.8178,0.0,0.6546
46,False,False,1,0.5481,61.0,3.2,0.8916,43.2458,0.1,0.4914
47,True,False,2,0.9885,110.5,2.6,1.0,19.4805,0.0286,0.8241
48,False,False,0,0.0855,25.0,2.7,0.2381,35.8358,0.0,0.6561
49,True,False,2,0.9624,197.0,2.3,0.9853,19.4599,0.0,0.594
50,True,False,2,0.9934,107.5,3.4,0.8808,16.8561,0.0,0.5932
51,True,False,2,0.9938,149.8,3.2,0.988,16.7232,0.0286,0.7326
52,True,False,2,0.9934,118.8,3.0,0.9348,18.5876,0.1071,0.6788
53,True,False,2,0.9947,148.0,2.6,1.0,18.1655,0.0,0.9053
54,True,False,2,0.9934,88.5,3.3,0.9042,16.5831,0.0,0.691
55,True,False,2,0.994,149.8,2.8,0.9879,17.2622,0.0,0.7714
56,True,True,2,0.9926,119.0,3.3,0.9763,18.2786,0.0385,0.8701
57,False,True,1,0.1077,25.8,2.4,0.9851,16.571,0.4167,0.8324
58,True,True,2,0.9935,140.0,2.8,0.9764,18.83,0.08,0.6755
59,True,False,2,0.9938,148.8,3.3,0.9804,17.453,0.0,0.7411
60,True,True,2,0.9528,187.5,2.4,0.998,19.3096,0.1364,0.6416
61,True,False,2,0.9938,117.0,3.1,0.9875,18.3002,0.0,0.7325
62,True,False,2,0.994,111.8,2.8,0.9861,19.4237,0.0,0.5571
63,True,False,2,0.9939,124.2,2.8,0.9819,19.878,0.0,0.6441
64,True,False,1,0.9216,73.5,3.8,0.9536,19.07,0.0278,0.6807
65,True,True,2,0.8854,152.5,2.3,0.9906,18.2332,0.2,0.6354
66,True,True,2,0.9951,96.8,3.1,0.7191,16.8295,0.0333,0.6715
67,True,False,2,0.9928,135.0,2.9,0.9791,17.1267,0.0,0.7401
68,True,True,2,0.9668,132.5,2.4,0.9603,18.3156,0.2353,0.6816
69,True,False,2,0.9952,153.2,2.8,0.6995,17.7167,0.0,0.6178
70,True,False,1,0.8203,75.0,3.6,0.8624,19.228,0.0,0.7247
71,True,False,2,0.9934,92.0,3.1,0.9605,18.7942,0.0,0.5865
72,True,False,2,0.9932,153.5,3.2,0.8921,17.1675,0.0,0.4674
73,False,False,1,0.295,60.0,3.6,0.9938,36.6861,0.0857,0.639
74,True,False,2,0.9934,102.8,3.4,0.9343,17.938,0.0,0.669
75,True,False,2,0.9897,139.2,3.0,0.8312,11.5961,0.0,0.5079
76,True,False,2,0.9953,110.2,3.1,0.8537,21.3745,0.1,0.5454
77,True,True,2,0.9935,120.5,2.7,0.9459,17.1751,0.0,0.6285
78,True,False,2,0.994,138.8,2.8,0.992,20.1993,0.0,0.575
79,False,False,2,0.0598,45.2,6.5,0.952,6.0624,0.1429,0.5845
80,True,False,2,0.9932,110.8,3.4,0.9744,17.3791,0.0,0.8602
81,True,False,3,0.9069,395.2,5.5,0.9608,23.1699,0.1538,0.8337
82,True,False,2,0.9934,155.0,3.1,0.9497,18.378,0.0,0.7106
83,True,False,2,0.9938,151.0,3.4,0.9903,17.2246,0.0526,0.7346
84,False,False,1,0.2263,37.2,2.8,0.9903,13.4815,0.1053,0.3828
85,True,False,2,0.9935,115.8,3.5,0.9175,17.3093,0.0,0.7692
86,False,False,1,0.2877,30.5,2.5,1.0,19.1218,0.0455,0.6996
87,True,False,2,0.9951,94.5,3.3,0.6192,21.4444,0.0968,0.5933
88,False,False,2,0.0337,58.2,6.2,0.758,3.3383,0.0909,0.6155
89,True,False,3,0.9937,193.0,4.2,0.9868,16.8919,0.0,0.7139
90,True,False,2,0.9935,128.5,2.8,0.9663,16.3318,0.1176,0.7148
91,True,False,2,0.9914,110.5,3.2,0.9968,19.5894,0.0,0.8198
92,True,True,2,0.9934,155.5,3.0,0.9745,18.2179,0.0,0.6556
93,True,False,2,0.9936,129.2,2.8,0.9106,17.4614,0.0,0.5505
94,False,True,1,0.2989,40.8,3.1,1.0,15.0696,0.125,0.6602
95,False,False,1,0.0191,22.2,9.4,0.0,10.0312,0.0909,0.4103
96,True,False,2,0.9924,111.8,3.2,0.9967,18.6982,0.0,0.85
97,True,False,2,0.9935,149.5,3.4,0.9544,19.5273,0.05,0.7844
98,True,False,2,0.8719,340.0,3.0,0.9078,11.0753,0.0,0.3919
99,True,False,2,0.9935,142.0,3.5,0.9695,18.0271,0.0,0.7761
100,True,False,1,0.9751,78.0,3.8,0.8505,15.503,0.125,0.5207
101,True,False,2,0.9935,183.0,3.5,0.9765,16.9285,0.0,0.7309
102,True,False,2,0.9939,164.5,2.8,0.9847,16.8772,0.0,0.6701
103,True,False,2,0.9887,82.5,3.3,0.933,21.9801,0.0625,0.5341
104,True,True,2,0.9863,173.5,2.5,0.9734,14.5679,0.1786,0.7491
105,True,False,2,0.9937,127.5,3.2,0.985,16.0191,0.0,0.6548
106,False,True,1,0.9358,75.2,3.1,0.7356,17.8398,0.1,0.4483
107,False,False,1,0.0466,24.0,2.5,0.95,36.7164,0.0,0.6576
108,False,True,1,0.0043,24.5,2.8,1.0,4.7818,0.8333,0.664
109,True,False,2,0.9935,137.5,2.9,0.9108,17.8509,0.0,0.5381
110,True,False,2,0.9935,129.5,3.1,0.9526,16.2509,0.0,0.7848
111,True,False,2,0.9921,140.5,3.4,0.9457,14.735,0.0606,0.6647
112,True,False,2,0.9938,112.0,3.3,0.9871,17.1592,0.0,0.7215
113,True,False,2,0.9935,184.8,3.4,0.9904,18.5074,0.0,0.8488
114,True,False,2,0.9935,138.8,3.1,0.966,20.0278,0.0,0.7335
115,True,False,2,0.9952,90.8,3.4,0.5976,17.3196,0.0,0.7286
116,True,True,2,0.9927,122.8,3.0,0.9941,17.5232,0.0,0.6485
117,True,False,2,0.9939,144.0,2.8,0.9851,15.4529,0.0,0.6232
118,True,False,2,0.9934,112.5,3.4,0.9183,18.9164,0.0244,0.6545
119,True,False,2,0.9924,128.0,2.6,0.8754,16.6445,0.0,0.611
120,True,False,2,0.993,152.2,2.7,0.9953,17.6399,0.0,0.7318
121,False,False,2,0.0434,26.0,10.0,0.7867,3.0476,0.069,0.4973
122,True,False,2,0.9953,108.2,3.2,0.8464,17.3669,0.0,0.5752
123,True,False,2,0.9925,108.5,2.8,0.8073,18.5625,0.0,0.6566
124,True,False,2,0.9896,139.0,3.3,0.9021,17.6206,0.0455,0.4295
125,False,False,1,0.1241,41.5,2.7,1.0,41.1444,0.0,0.7557
126,True,False,2,0.9924,130.0,3.3,0.8067,17.404,0.069,0.6404
127,True,True,1,0.9522,68.5,3.0,0.9887,15.9873,0.1765,0.644
128,True,False,2,0.9952,102.0,3.6,0.6945,20.9486,0.0286,0.5298
129,True,False,2,0.9935,131.5,3.2,0.9637,17.5988,0.0476,0.5344
130,True,True,2,0.9928,133.2,3.1,0.8729,17.4081,0.0938,0.5882
131,True,False,1,0.9285,77.8,3.3,0.95,17.8584,0.0,0.5854
132,True,False,1,0.9149,45.0,3.6,0.7951,22.8749,0.0303,0.475
133,True,True,2,0.9951,105.2,2.5,0.8522,16.9958,0.0,0.5685
134,True,False,2,0.9928,156.0,3.4,0.8738,21.1281,0.0286,0.6008
135,True,False,2,0.993,182.0,2.5,0.9543,17.4387,0.0,0.6016
136,True,False,2,0.9953,112.2,3.4,0.7822,20.3224,0.0,0.5539
137,True,False,2,0.9934,129.0,3.7,0.9566,17.7151,0.0,0.585
138,True,False,2,0.9937,119.5,3.0,0.9871,18.047,0.0,0.6833
139,True,False,2,0.9927,147.0,3.3,0.9975,18.2141,0.0,0.7143
140,False,False,1,0.1204,24.0,2.4,0.8906,43.9812,0.0571,0.5897
141,True,False,2,0.9928,142.8,3.1,0.9974,17.2466,0.0,0.7346
142,False,False,1,0.1588,41.2,3.0,0.8922,30.265,0.0,0.5156
143,False,False,1,0.5742,48.0,3.5,0.9134,17.5179,0.0,0.4329
144,True,False,2,0.9928,137.2,2.6,0.9351,17.1769,0.0,0.5154
145,False,False,1,0.3874,71.5,2.9,0.99,35.7538,0.0,0.7345
146,False,False,1,0.1521,30.5,2.7,0.939,34.3376,0.0,0.7032
147,True,False,2,0.9935,215.0,3.7,0.9044,18.5265,0.0,0.7332
148,True,False,2,0.9934,161.5,3.3,0.9324,20.5109,0.0286,0.6592
149,True,False,2,0.9935,122.5,3.6,0.9083,18.8244,0.0,0.7821
150,True,False,2,0.9934,117.5,3.6,0.9591,17.4103,0.0606,0.7112
151,True,False,2,0.9934,153.8,3.0,0.9362,15.7646,0.0,0.6957
152,False,True,1,0.0174,32.8,2.5,1.0,24.1263,0.8571,0.8198
153,True,False,2,0.991,93.8,3.6,1.0,20.33,0.0,0.7391
154,False,False,1,0.2277,76.8,2.9,0.9755,33.478,0.0,0.8657
155,True,True,2,0.9939,132.5,2.6,0.9836,15.2465,0.1765,0.7479
156,True,False,1,0.8789,60.0,3.3,0.761,18.4933,0.0,0.6499
157,True,False,2,0.9935,109.2,3.2,0.9582,18.1013,0.0278,0.5627
158,True,True,2,0.9934,98.2,3.9,0.9628,16.5882,0.0909,0.5955
159,True,False,2,0.9908,91.8,2.8,0.8755,19.3031,0.0,0.4979
160,True,False,2,0.9001,81.5,3.1,0.9955,28.9778,0.0,0.8095
161,True,False,2,0.9952,143.0,3.5,0.5651,17.8201,0.0263,0.538
162,True,False,2,0.9935,89.8,3.5,0.9385,17.1058,0.0278,0.7375
163,False,True,1,0.0272,53.0,3.0,1.0,38.9817,0.8387,0.8412
164,False,True,1,0.0063,21.2,3.8,1.0,46.7918,0.8182,0.6201
165,True,False,2,0.9934,98.8,3.3,0.9145,15.6141,0.0,0.6652
166,True,False,2,0.9934,146.8,3.1,0.9559,16.976,0.0357,0.6583
167,True,False,2,0.9932,134.5,2.9,0.9021,18.1248,0.0,0.4495
168,True,True,2,0.9952,135.2,3.2,0.7473,16.7696,0.0,0.7458
169,True,False,2,0.9936,132.8,2.7,0.8928,17.8502,0.0,0.544
170,True,False,2,0.9937,129.8,3.2,0.9915,17.2144,0.0,0.6197
171,True,False,2,0.9922,129.0,2.5,0.9944,17.7675,0.0,0.7104
172,True,False,2,0.9935,174.5,2.9,0.9068,17.8903,0.0,0.5486
173,False,True,2,0.0281,42.5,13.0,0.9231,32.4786,0.9697,0.5936
174,True,False,2,0.9934,117.8,3.1,0.8872,16.5114,0.0,0.6141
175,True,False,1,0.9459,78.8,3.5,0.6544,19.0317,0.0,0.7509
176,False,True,1,0.1755,62.0,2.5,0.7865,48.4069,0.8182,0.3561
177,True,False,2,0.9938,141.0,3.3,0.9818,20.3627,0.0,0.7619
178,True,False,2,0.9935,103.5,3.1,0.9371,19.6506,0.0,0.7196
179,True,False,2,0.993,110.2,2.5,0.9532,18.9639,0.0333,0.6991
180,True,False,2,0.9934,126.0,3.6,0.8818,17.839,0.0556,0.6109
181,True,False,2,0.9934,131.0,2.9,0.9072,17.2759,0.0,0.6075
182,True,False,2,0.9934,167.5,3.1,0.9626,18.4324,0.0,0.6671
183,True,False,1,0.7613,70.0,2.9,0.9844,41.1029,0.027,0.806
184,True,False,2,0.9933,269.5,3.4,0.8219,18.055,0.0556,0.3999
185,True,True,3,0.9789,164.2,4.9,0.8693,16.2904,0.2069,0.7041
186,False,False,1,0.7129,57.8,3.5,0.7051,18.5934,0.0,0.47
187,True,True,2,0.9934,171.2,3.1,0.9447,18.542,0.0938,0.6763
188,True,False,2,0.991,111.8,3.4,0.9615,20.3491,0.0,0.8375
189,True,False,2,0.9951,165.0,3.2,0.5809,17.1887,0.0,0.6264
190,False,False,1,0.0193,26.5,10.9,0.029,2.4946,0.0286,0.5939
191,True,True,2,0.9912,187.2,3.3,0.9981,14.0096,0.0,0.6417
192,True,False,2,0.9937,149.0,3.0,0.9879,18.3202,0.0,0.7069
193,True,False,2,0.9919,159.8,3.7,0.8943,13.8632,0.0,0.5188
194,True,False,2,0.9934,94.0,3.2,0.9453,21.9512,0.0278,0.621
195,True,False,2,0.9934,145.2,3.1,0.9553,17.9017,0.0,0.5959
196,False,False,2,0.0056,21.0,10.2,0.7193,4.0074,0.0,0.3403
197,True,False,2,0.9862,84.2,3.7,0.9782,18.4443,0.0,0.7123
198,True,False,2,0.9807,105.0,3.6,0.9858,34.233,0.0286,0.5777
199,True,False,2,0.9934,218.0,2.5,0.9803,18.7485,0.0,0.6217
200,True,False,2,0.9928,154.5,2.9,0.8735,15.0566,0.0,0.6285
201,True,False,2,0.9934,246.5,2.9,0.9653,17.0117,0.0286,0.6057
202,True,True,2,0.9673,169.5,2.4,1.0,17.7898,0.3929,0.7403
203,True,False,2,0.9928,155.2,3.3,0.9977,18.0499,0.0,0.7401
204,True,False,2,0.9926,274.8,3.2,0.8738,16.8425,0.0,0.488
205,True,False,2,0.9944,194.5,3.3,0.7963,14.1436,0.0,0.5516
206,True,False,2,0.992,136.5,3.3,0.9974,23.4716,0.0286,0.7292
207,True,False,1,0.7077,44.0,2.7,0.8387,19.174,0.0,0.4626
208,True,False,2,0.9905,164.8,3.0,1.0,17.4362,0.0,0.74
209,True,True,2,0.9937,114.0,3.5,0.9808,19.0332,0.0667,0.6627
210,True,True,2,0.9784,106.5,3.4,0.9729,15.5372,0.2069,0.8362
211,True,True,2,0.9824,160.0,3.1,0.9732,16.3794,0.1935,0.638
212,True,False,2,0.9937,103.0,3.2,0.9892,18.9544,0.0,0.6847
213,True,False,2,0.9935,121.0,3.9,0.9514,18.1413,0.0,0.7355
214,True,False,2,0.9928,127.5,3.2,0.9972,17.6571,0.0,0.7793
215,True,False,2,0.9912,202.0,3.2,0.9964,13.3727,0.0,0.6804
216,True,False,2,0.9932,170.0,3.6,0.9097,17.689,0.0,0.5243
217,True,False,2,0.9935,140.2,3.2,0.9509,22.055,0.0278,0.7299
218,True,False,2,0.9934,98.2,3.5,0.959,18.4581,0.0278,0.7127
219,True,True,2,0.3959,150.0,2.9,0.9828,18.6849,0.5667,0.7012
220,True,False,2,0.9924,132.0,3.0,0.8197,18.2612,0.0,0.6512
221,True,False,2,0.9927,151.5,3.1,0.9951,18.2352,0.0312,0.6852
222,True,False,2,0.9935,94.2,3.2,0.9732,17.6883,0.0,0.7764
223,True,False,2,0.9924,144.0,3.5,0.8481,15.7358,0.0,0.6852
224,True,False,2,0.9934,175.8,2.9,0.9485,15.8915,0.0,0.671
225,True,False,2,0.9938,153.0,2.9,0.9861,18.3479,0.0,0.7699
226,True,True,2,0.9806,119.5,2.8,0.9727,15.7461,0.3929,0.5246
227,True,True,2,0.9811,161.0,2.8,0.9748,17.013,0.2222,0.6917
228,True,False,1,0.9158,55.8,3.4,0.8366,17.6562,0.0,0.4619
229,False,True,2,0.0146,20.8,14.7,0.7344,15.7961,0.2222,0.4824
230,True,False,2,0.991,119.8,3.4,1.0,22.0486,0.0312,0.7475
231,True,False,1,0.9277,54.5,3.9,0.9412,17.3554,0.0278,0.6846
232,True,False,2,0.9264,80.8,3.4,0.9565,18.7839,0.0,0.6907
233,True,False,2,0.9937,97.0,3.3,0.9925,17.3654,0.0,0.6364
234,True,True,2,0.9904,131.0,2.6,0.9972,16.2223,0.1538,0.6823
235,True,True,2,0.9012,92.8,2.8,0.9784,14.2046,0.1923,0.3848
236,True,False,1,0.9204,49.2,3.4,0.8235,22.0801,0.0278,0.3762
237,True,False,2,0.9928,121.5,3.0,0.8716,16.9661,0.0,0.6256
238,True,False,2,0.9935,158.0,3.0,0.9037,17.0925,0.0,0.7332
239,True,False,2,0.991,90.0,3.3,0.9721,19.7647,0.0,0.8394
240,True,False,2,0.993,167.8,2.6,0.9743,17.2179,0.0,0.6881
241,False,False,2,0.7437,103.2,2.4,0.9791,17.238,0.0,0.6046
242,True,False,1,0.9952,175.5,2.7,0.1701,16.6678,0.0,0.7028
243,True,True,2,0.9873,144.5,3.4,0.9291,14.3559,0.0,0.5758
244,True,False,2,0.9934,115.2,3.6,0.9655,17.7976,0.0,0.7039
245,True,False,2,0.9932,174.0,3.3,0.9754,16.4128,0.0,0.4928
246,True,False,2,0.9935,150.8,3.3,0.9706,17.6919,0.0312,0.7469
247,True,False,2,0.9938,139.0,3.7,0.987,17.5597,0.0,0.7376
248,True,True,2,0.416,145.5,2.8,0.9904,17.9253,0.5667,0.689
249,False,True,1,0.0132,25.5,2.2,0.8551,8.6502,0.9355,0.4536
250,True,False,2,0.9923,119.8,3.4,0.976,18.4144,0.0,0.8256
251,True,False,2,0.9723,215.0,3.1,0.9325,11.1558,0.0,0.4624
252,True,False,2,0.9935,168.8,3.0,0.966,18.1517,0.0,0.5728
253,True,False,2,0.991,170.5,3.1,1.0,19.4779,0.0,0.5637
254,True,False,2,0.9901,132.0,3.4,0.978,23.6229,0.0333,0.8347
255,False,True,2,0.7923,57.5,5.4,0.9065,20.2045,0.3929,0.5391
256,True,True,2,0.9834,120.8,3.7,0.9909,17.2634,0.2,0.7027
257,True,False,2,0.9936,143.8,2.8,0.9257,17.1232,0.0,0.7794
258,True,False,1,0.9948,153.5,2.6,0.1504,17.8251,0.0,0.695
259,False,False,1,0.2176,65.0,2.8,0.9563,31.7805,0.0,0.7952
260,True,False,2,0.9934,126.0,3.9,0.8793,16.877,0.0,0.697
261,True,False,2,0.9934,134.0,3.4,0.8832,19.4732,0.0323,0.6953
262,True,False,2,0.9367,368.5,3.1,0.9435,15.5774,0.0,0.5544
263,True,False,2,0.9903,126.0,3.2,1.0,17.2228,0.0,0.6593
264,True,False,2,0.9935,112.0,3.3,0.9457,17.3289,0.0,0.7374
265,True,True,2,0.9834,126.5,3.2,0.9916,15.303,0.2,0.653
266,True,False,2,0.9935,159.0,3.0,0.973,18.5368,0.0,0.7607
267,True,False,2,0.9934,149.8,3.4,0.9424,17.068,0.0,0.6635
268,True,False,3,0.9934,99.5,4.0,0.942,18.3193,0.0,0.6069
269,True,False,2,0.9934,171.8,3.3,0.9656,17.8599,0.0,0.6691
270,True,False,2,0.9931,141.0,2.6,0.9776,18.6068,0.027,0.7883
271,True,True,2,0.993,146.0,3.1,0.9901,14.3966,0.0,0.676
272,True,False,2,0.9669,80.2,3.7,0.9009,17.8635,0.0294,0.5571
273,False,False,1,0.1344,61.2,14.8,0.0588,36.0566,0.0312,0.5034
274,True,False,1,0.9467,79.2,3.4,0.8318,18.8214,0.0,0.6173
275,True,False,2,0.9936,157.0,2.7,0.9625,16.6186,0.0,0.5732
276,True,False,2,0.9664,80.8,3.4,0.9151,18.0346,0.0303,0.6389
277,True,False,2,0.9927,105.0,3.2,0.9965,19.0312,0.0,0.7054
278,True,True,2,0.8089,171.5,2.8,0.9424,16.9753,0.5357,0.5478
279,True,True,2,0.9918,114.5,3.3,0.9325,18.7784,0.1667,0.6566
280,True,True,2,0.9821,140.2,3.0,0.9656,18.0392,0.32,0.628
281,True,False,2,0.9924,138.5,3.3,1.0,17.9722,0.0,0.8655
282,True,False,2,0.9934,145.2,3.2,0.9236,22.4113,0.0323,0.6417
283,True,False,3,0.9934,87.2,4.1,0.9205,17.1739,0.0,0.5844
284,True,False,2,0.9953,105.8,3.3,0.7993,16.2791,0.0,0.5842
285,True,False,2,0.991,121.5,3.6,0.9792,18.9249,0.0,0.6913
286,True,False,2,0.9934,119.2,2.8,0.9177,18.8005,0.0,0.5234
287,True,False,2,0.9935,191.2,3.4,0.9572,17.4735,0.0,0.5678
288,True,False,2,0.9915,148.0,3.6,0.8706,13.4627,0.0,0.5673
289,True,False,2,0.9939,153.0,2.8,0.9835,17.375,0.0,0.7014
290,True,False,2,0.9913,162.8,3.2,0.8691,14.6068,0.0,0.5562
291,True,False,2,0.9951,94.0,3.4,0.7588,20.2813,0.0,0.7111
292,True,True,2,0.9934,170.8,3.0,0.951,17.8887,0.0,0.6624
293,True,False,2,0.9934,130.2,3.4,0.9504,17.7631,0.0,0.6217
294,True,False,2,0.9928,155.8,3.2,0.9977,19.2365,0.0,0.7544
295,False,False,1,0.5072,51.0,3.3,0.8986,40.106,0.0312,0.6711
296,False,False,1,0.3118,61.8,2.7,0.8743,33.9676,0.0,0.5779
297,True,False,2,0.9903,131.0,3.1,1.0,18.5889,0.0,0.7177
298,True,True,2,0.3973,160.2,3.0,0.955,19.5068,0.4615,0.7845
299,True,False,2,0.9932,117.0,3.2,0.8822,18.246,0.0,0.5227
300,True,False,2,0.9938,89.2,3.7,0.9919,19.2553,0.0,0.7753
301,True,False,2,0.9938,117.5,3.6,0.9842,16.4435,0.0,0.7236
302,True,False,2,0.9924,198.5,3.1,0.7865,20.1488,0.0357,0.6766
303,True,False,1,0.8152,52.5,3.4,0.9441,20.9324,0.0,0.6837
304,True,True,2,0.9752,133.8,3.8,1.0,16.1253,0.25,0.682
305,True,False,2,0.9937,215.5,3.2,0.9849,15.6629,0.0,0.6983
306,True,True,2,0.9937,202.8,2.9,0.9912,15.054,0.0,0.6779
307,True,False,2,0.9934,130.0,3.4,0.933,17.8936,0.0,0.6484
308,True,False,2,0.9952,105.5,3.7,0.6458,16.3975,0.0,0.5572
309,True,False,2,0.9935,112.0,3.7,0.8857,20.3327,0.0,0.5777
310,True,False,1,0.8573,77.0,3.6,0.9023,20.6697,0.0,0.4576
311,True,False,2,0.9934,142.5,3.0,0.9327,18.3142,0.0,0.702
312,True,False,2,0.9935,173.0,2.7,0.9575,18.729,0.0,0.6703
313,True,False,2,0.9935,100.2,3.6,0.9464,18.88,0.0,0.7472
314,True,False,1,0.6211,71.5,2.9,1.0,25.0076,0.0,0.8485
315,True,True,2,0.98,156.2,2.9,0.8042,11.0496,0.0,0.466
316,True,False,2,0.9927,240.0,3.1,0.9955,19.2757,0.0,0.6172
317,True,False,2,0.9935,258.5,3.3,0.8838,17.4891,0.0,0.5549
318,False,False,0,0.1431,35.0,3.1,0.1053,37.0528,0.0,0.4645
319,True,False,2,0.9935,112.2,2.8,0.9551,19.252,0.0,0.6697
320,True,False,2,0.9913,123.2,3.7,0.862,14.6216,0.0345,0.7266
321,True,False,2,0.9938,188.5,2.9,0.9883,18.7639,0.0,0.7754
322,True,True,2,0.9816,170.8,3.0,0.9421,15.6759,0.36,0.4801
323,True,False,2,0.9934,165.0,3.2,0.9694,15.547,0.0,0.6118
324,True,False,2,0.9935,153.5,3.2,0.9479,21.6803,0.04,0.7784
325,True,False,2,0.9928,179.8,3.1,0.998,16.4525,0.0312,0.5761
326,True,False,1,0.995,99.0,3.9,0.0,17.3947,0.0,0.4825
327,True,False,2,0.9932,136.5,3.4,0.8814,17.7254,0.0,0.5138
328,True,False,2,0.3568,39.8,4.3,0.9231,18.9247,0.0,0.5775
329,True,False,2,0.9935,146.0,3.0,0.88,18.391,0.0,0.7184
330,True,False,2,0.9925,109.2,3.3,0.8087,17.309,0.0,0.7722
331,True,False,2,0.9935,95.0,3.3,0.9663,18.6261,0.0,0.8049
332,True,False,2,0.9928,143.5,2.5,0.9375,17.6107,0.0,0.4974
333,True,False,2,0.9937,163.8,3.1,0.9823,17.9844,0.0,0.693
334,True,False,2,0.9934,128.8,2.9,0.9385,18.4635,0.0,0.6877
335,False,False,2,0.1943,81.5,2.3,0.977,39.0329,0.0,0.5836
336,True,False,2,0.9928,191.8,2.5,0.892,18.0403,0.0,0.4589
337,False,False,1,0.024,24.8,11.7,0.3478,1.2199,0.0435,0.3881
338,True,False,2,0.9935,94.8,3.5,0.9767,21.4796,0.0,0.7804
339,True,False,1,0.4687,66.2,3.1,0.9824,33.4777,0.0,0.7649
340,True,False,2,0.9934,117.0,3.1,0.9209,22.6985,0.1154,0.7148
341,True,False,2,0.993,115.8,2.5,0.9619,19.402,0.0,0.7047
342,True,False,2,0.9938,96.8,3.5,0.9924,16.5285,0.1,0.7485
343,True,False,1,0.5447,60.2,3.2,0.8084,35.6831,0.0,0.5758
344,True,False,1,0.8201,53.0,2.7,0.947,14.5637,0.0435,0.8493
345,True,False,2,0.9935,147.0,2.9,0.9657,17.1042,0.0,0.7211
346,True,False,1,0.7165,43.8,2.9,0.9746,33.9493,0.0435,0.7391
347,True,False,2,0.9924,126.5,2.9,0.8559,16.3496,0.0,0.6551
348,True,False,2,0.9934,113.8,3.3,0.9457,18.8389,0.0,0.5947
349,True,False,2,0.9881,142.5,2.2,0.9975,16.8147,0.0,0.7627
350,True,False,2,0.9934,97.2,3.2,0.9572,19.3318,0.0,0.6771
351,True,False,2,0.9923,98.5,2.5,0.9108,16.8285,0.0,0.6871
352,True,False,2,0.9935,242.0,3.3,0.9399,16.0184,0.0,0.5304
353,True,False,2,0.993,122.8,2.5,0.9324,18.7744,0.0,0.637
354,True,False,2,0.9934,161.2,3.1,0.9589,17.8446,0.0,0.6502
355,True,False,2,0.9938,146.5,3.3,0.9801,19.4989,0.0,0.7247
356,True,False,1,0.9264,78.8,3.1,0.9372,17.6949,0.0,0.6452
357,True,False,2,0.9928,123.0,2.7,0.9969,19.7613,0.0,0.6979
358,False,False,1,0.0547,23.8,2.7,0.9677,27.887,0.0,0.7395
359,True,False,2,0.9876,140.8,3.2,0.8849,20.0473,0.1739,0.6503
360,True,False,2,0.9868,117.2,3.7,1.0,17.7576,0.0,0.8439
361,True,False,1,0.8088,73.8,3.3,0.7778,21.0155,0.0,0.7023
362,True,False,2,0.9935,97.8,3.3,0.9667,18.7267,0.0,0.7657
363,False,False,2,0.1743,43.5,4.6,0.9576,18.1608,0.0,0.4206
364,True,False,2,0.991,135.8,3.2,0.9974,16.7217,0.1724,0.6886
365,True,False,2,0.9924,141.5,3.2,0.8372,17.8839,0.0,0.6381
366,True,False,2,0.9935,146.2,2.7,0.9704,17.5505,0.0,0.5891
367,True,False,2,0.9934,127.2,3.3,0.9068,15.4417,0.0476,0.6673
368,True,False,2,0.9935,87.8,3.7,0.9412,19.3966,0.0333,0.7823
369,False,True,1,0.0191,22.0,2.7,0.9273,36.2388,0.9268,0.7831
370,True,False,2,0.9935,96.8,2.9,0.9743,18.4002,0.0,0.7501
371,True,False,2,0.9951,108.0,3.3,0.8,16.9055,0.0,0.515
372,True,False,2,0.9824,116.5,2.9,0.8742,17.5629,0.2381,0.7285
373,True,False,2,0.9918,115.5,3.2,0.9045,17.2207,0.1538,0.5955
374,False,False,2,0.0166,57.5,10.4,1.0,0.4279,0.0,0.5589
375,True,True,2,0.9717,147.8,3.9,0.9294,14.6877,0.3333,0.737
376,True,False,2,0.9932,108.2,3.2,0.9241,16.5745,0.08,0.5003
377,True,False,2,0.9935,97.0,3.0,0.9535,18.644,0.0,0.7234
378,True,False,1,0.7818,63.0,2.7,0.9708,19.2674,0.0,0.6109
379,True,False,1,0.8386,68.8,2.5,0.9462,18.1911,0.0,0.5383
380,False,False,2,0.0115,24.0,4.2,1.0,1.9154,0.3846,0.4404
381,True,False,1,0.945,78.8,3.7,0.7615,20.0595,0.0,0.6233
382,True,False,2,0.9929,126.5,2.8,1.0,19.3253,0.0,0.8512
383,True,False,1,0.8742,69.2,3.7,0.6432,16.3899,0.0,0.3243
384,True,False,2,0.9821,86.0,3.8,0.7951,14.539,0.0,0.5864
385,True,True,2,0.9833,224.8,3.8,0.9841,15.8447,0.3929,0.7297
386,True,True,2,0.9806,152.5,3.6,0.9173,20.6106,0.2105,0.6848
387,False,True,1,0.0069,29.8,2.5,1.0,8.5447,0.725,0.6786
388,True,False,1,0.3674,70.2,2.5,0.8783,35.9784,0.0,0.5691
389,False,False,1,0.0551,22.0,3.0,0.9833,33.8476,0.0,0.4978
390,False,True,1,0.0203,24.8,3.3,1.0,35.4659,0.7317,0.859
391,True,False,1,0.9202,65.0,3.6,0.9834,17.705,0.0571,0.7011
392,True,True,3,0.9839,99.8,4.8,0.9412,15.9739,0.2692,0.7346
393,False,True,1,0.0064,20.8,2.5,1.0,27.8382,0.7429,0.7094
394,True,True,2,0.9934,165.0,3.7,0.9734,19.9558,0.1053,0.6419
395,True,False,1,0.6503,49.8,2.4,0.9852,30.2252,0.0,0.5714
396,True,True,3,0.9821,104.5,5.1,0.9654,17.7298,0.3226,0.6692
397,True,False,1,0.4861,45.8,2.6,0.9837,33.014,0.0,0.7604
398,True,False,1,0.2588,26.5,2.4,0.9615,33.1665,0.0,0.7267
399,False,True,1,0.0492,36.5,2.6,0.9574,30.7522,0.76,0.6557
400,True,False,1,0.6567,46.0,3.3,1.0,32.6464,0.025,0.7285
401,False,True,1,0.3456,47.8,3.1,0.9697,17.7331,0.5946,0.6936
402,True,False,1,0.4372,29.0,2.3,1.0,20.8222,0.0541,0.7437
403,True,False,2,0.9934,162.8,2.6,0.9842,18.1034,0.0,0.6039
404,True,False,2,0.9872,86.2,3.1,0.9835,19.775,0.0,0.786
405,True,True,2,0.9953,145.8,3.9,0.8399,15.9535,0.12,0.5979
406,True,False,1,0.8324,66.2,3.1,0.9454,18.4755,0.0,0.7231
407,False,True,2,0.5601,87.5,3.9,0.9118,19.6549,0.7308,0.6053
408,True,False,1,0.8084,59.0,2.9,0.9346,19.6316,0.0,0.3666
409,True,True,3,0.9712,161.8,4.6,0.9597,14.7537,0.3333,0.6274
410,True,False,1,0.9276,79.8,3.2,0.9724,18.2669,0.0,0.742
411,True,True,2,0.9843,189.5,3.5,0.979,17.326,0.1935,0.7787
412,True,False,2,0.9934,134.0,2.8,0.9155,18.5562,0.0,0.484
413,True,False,2,0.9932,103.0,3.7,0.9368,18.2525,0.025,0.4765
414,True,False,2,0.9924,118.5,3.5,0.8323,17.5877,0.0488,0.6286
415,True,False,2,0.9858,81.8,3.8,0.969,14.0265,0.0541,0.5687
416,False,True,2,0.5272,83.0,3.7,0.9336,14.8211,0.6364,0.5862
417,True,True,3,0.9934,126.5,4.6,0.9466,16.3466,0.0,0.639
418,False,True,2,0.0261,28.2,8.6,1.0,22.1637,0.7273,0.6031
419,True,True,2,0.9927,150.8,3.4,0.9976,18.0473,0.0938,0.7021
420,True,True,1,0.9939,186.2,3.6,0.4618,16.8016,0.1818,0.6019
421,True,False,3,0.9017,234.5,6.6,0.9984,16.9382,0.087,0.795
422,True,True,2,0.9836,214.8,3.6,0.9193,14.9117,0.2414,0.685
423,False,True,2,0.0033,33.5,7.0,1.0,8.7957,0.75,0.6987
424,True,True,2,0.9934,220.2,3.4,0.9691,16.3169,0.0,0.6999
425,True,True,2,0.9713,158.8,3.6,0.8907,14.1799,0.3636,0.5973
426,True,False,2,0.9565,169.5,2.1,0.9176,17.8051,0.0,0.3879
427,True,True,3,0.9683,200.5,4.2,0.9947,13.2844,0.3125,0.6573
428,True,True,2,0.5539,341.2,3.1,0.9789,9.3272,0.3,0.6481
429,True,True,2,0.9923,172.2,3.6,0.9894,20.1027,0.1613,0.6527
430,True,True,2,0.9808,110.2,3.1,0.8737,15.1902,0.3824,0.5599
431,True,True,2,0.9935,198.5,3.5,0.9766,16.8504,0.0556,0.56
432,True,False,2,0.8324,322.0,2.2,0.9833,11.5391,0.0,0.4711
433,True,False,2,0.9932,122.2,2.9,0.9373,18.3162,0.0,0.5183
434,False,True,2,0.2179,114.2,3.6,0.9838,10.948,0.4615,0.65
435,True,False,2,0.9928,217.2,2.8,0.995,18.0745,0.0,0.6738
436,False,True,3,0.3964,81.8,4.0,0.9188,19.8329,0.4643,0.7945
437,True,False,1,0.9136,51.8,3.6,0.9161,18.7379,0.0541,0.7023
438,True,True,2,0.9935,173.2,3.6,0.9189,16.5115,0.0,0.7368
439,True,False,2,0.9919,86.5,3.9,0.7249,16.2822,0.0541,0.5563
440,True,True,2,0.9934,107.0,3.1,0.9406,18.3317,0.0,0.7094
441,True,False,2,0.9921,115.8,3.8,0.9632,13.0422,0.0909,0.7138
442,True,False,2,0.9935,93.0,3.7,0.9387,18.6193,0.0857,0.5723
443,True,False,2,0.9938,109.2,3.3,0.99,18.3241,0.0,0.7994
444,True,True,2,0.9606,154.0,3.4,0.9531,26.4824,0.1935,0.5106
445,False,False,1,0.1564,30.0,2.5,0.8588,36.2342,0.0,0.5176
446,True,True,2,0.9935,253.0,3.3,0.973,17.3059,0.1071,0.7831
447,True,False,2,0.9935,147.0,3.0,0.9483,17.6662,0.0,0.7368
448,True,True,2,0.8793,454.8,3.6,0.5116,14.5226,0.0,0.4776
449,True,True,2,0.9929,155.8,3.5,0.9909,16.285,0.2333,0.6957
450,True,False,2,0.9934,137.5,3.0,0.9731,19.5,0.0,0.6478
451,False,False,1,0.2103,54.8,2.8,0.9484,31.8994,0.0,0.5953
452,True,True,2,0.9821,137.2,3.2,0.9948,19.3062,0.2581,0.7419
453,True,True,2,0.9934,229.5,3.6,0.9674,17.3189,0.0,0.6932
454,True,False,1,0.7531,54.2,3.0,0.8933,8.8302,0.1071,0.4978
455,True,True,2,0.9952,229.0,3.8,0.7562,17.3563,0.0333,0.5454
456,True,False,2,0.993,108.8,2.6,0.9408,16.6947,0.0,0.5888
457,False,True,3,0.0448,567.5,8.6,0.9678,1.3144,0.3571,0.8627
458,True,True,2,0.9934,88.0,3.1,0.8835,15.4864,0.0,0.6661
459,True,True,2,0.9934,248.2,3.1,0.9707,16.9748,0.0,0.6353
460,True,False,2,0.9935,181.8,3.1,0.9783,18.8846,0.0,0.5463
461,False,False,2,0.0171,22.5,10.0,0.5,35.5653,0.1,0.4372
462,True,True,3,0.9934,102.0,4.4,0.9353,18.5757,0.0,0.672
463,True,False,2,0.9905,140.8,3.1,1.0,18.3163,0.0,0.8042
464,True,True,2,0.9928,225.0,3.5,0.9984,17.491,0.0645,0.7203
465,True,True,3,0.9935,94.8,5.0,0.9004,17.9268,0.0,0.5459
466,False,True,3,0.8448,585.8,5.0,0.9858,11.9615,0.3846,0.7827
467,True,False,2,0.9935,121.8,2.7,0.8811,18.5439,0.0,0.6099
468,False,False,1,0.1737,27.0,2.1,0.962,37.8956,0.0741,0.4065
469,True,True,3,0.9917,131.5,4.3,0.9576,24.4717,0.0968,0.7091
470,True,True,2,0.9935,175.5,3.0,0.9642,16.0141,0.0,0.5604
471,False,True,1,0.6706,56.5,3.4,0.8667,33.1896,0.1071,0.771
472,True,True,2,0.9924,150.8,3.5,0.9881,14.9748,0.1724,0.7707
473,True,False,2,0.9935,132.5,3.3,0.9549,18.7623,0.0,0.5479
474,True,True,3,0.9935,111.5,5.1,0.9052,17.9918,0.0,0.7219
475,True,True,2,0.9938,265.2,3.5,0.9877,17.3816,0.0,0.7788
476,True,True,2,0.9953,122.2,2.7,0.8478,19.7035,0.0,0.4484
477,True,True,2,0.9932,142.2,3.2,0.9137,16.3909,0.0,0.4913
478,False,False,1,0.4266,37.0,3.4,0.902,33.9783,0.1071,0.6125
479,False,False,1,0.0742,21.2,2.6,0.6724,15.4019,0.1111,0.4512
480,True,False,2,0.9938,133.0,3.2,0.9918,16.6589,0.0,0.8165
481,True,True,2,0.99,161.0,3.4,0.9628,12.5787,0.1481,0.5006
482,True,True,2,0.9934,95.5,2.9,0.9154,18.2973,0.0,0.6053
483,True,True,2,0.9934,153.2,3.6,0.9741,16.5449,0.0,0.6906
484,True,False,2,0.9937,158.8,3.3,0.9858,16.7907,0.0,0.6584
485,False,True,2,0.9604,106.5,3.3,0.9896,49.5001,0.2941,0.8583
486,True,True,3,0.9928,167.0,4.7,0.9978,16.5397,0.0,0.7232
487,True,False,2,0.9934,148.2,3.0,0.9335,17.3611,0.0,0.6196
488,True,False,2,0.9935,145.5,3.1,0.9714,16.4078,0.0,0.7191
489,True,True,2,0.9917,151.5,3.1,0.9192,14.5117,0.0,0.505
490,True,True,2,0.9935,218.0,3.7,0.9347,17.9369,0.0,0.5798
491,False,True,3,0.2355,981.8,7.5,0.9834,16.3016,0.3333,0.7556
492,True,False,2,0.9935,109.0,2.9,0.9735,20.0976,0.087,0.75
493,False,True,1,0.2374,38.5,3.0,0.9706,34.6647,0.0,0.5798
494,True,False,2,0.9935,96.5,3.1,0.9688,18.6055,0.1304,0.8028
495,True,True,2,0.9915,229.2,3.6,0.989,25.0279,0.0,0.6886
496,True,True,2,0.9934,143.5,3.9,0.957,16.0263,0.0385,0.7133
497,True,True,2,0.9934,286.5,3.4,0.9247,17.6329,0.0,0.6632
498,True,False,2,0.9934,119.0,3.4,0.9329,18.3571,0.0,0.6822
499,True,False,2,0.9717,81.0,3.3,0.9422,13.5196,0.125,0.6233
500,True,True,2,0.9935,115.5,2.8,0.9214,18.7831,0.0,0.6685
501,True,False,2,0.9902,221.2,3.0,0.8733,12.2384,0.0455,0.44
502,True,False,2,0.9936,153.0,2.8,0.9644,19.6654,0.0,0.5714
503,True,True,2,0.9934,239.2,2.9,0.9595,18.1774,0.0,0.6707
504,True,True,2,0.9937,154.0,3.1,0.9881,16.9392,0.0,0.6608
505,True,True,3,0.9934,173.8,4.5,0.9727,16.7646,0.0,0.5951
506,True,True,2,0.9934,161.8,3.4,0.8897,18.9774,0.04,0.6114
507,True,True,2,0.9935,123.8,2.8,0.912,17.7822,0.0,0.6604
508,True,True,2,0.9935,141.5,3.3,0.883,17.3756,0.0,0.566
509,True,False,2,0.9923,174.5,3.4,0.9875,16.2878,0.1667,0.6878
510,True,False,2,0.9934,129.0,2.9,0.9516,17.5087,0.0,0.6926
511,True,True,2,0.9937,230.5,3.5,0.9875,18.4836,0.0,0.6844
512,True,True,3,0.9934,144.8,4.0,0.9677,17.3569,0.0,0.632
513,True,False,2,0.9935,112.8,3.2,0.9619,16.4377,0.0,0.7857
514,True,True,1,0.9952,139.5,3.2,0.0628,18.5939,0.0,0.7821
515,True,False,2,0.9915,127.0,3.0,0.9856,16.9602,0.0,0.8473
516,False,True,2,0.9937,132.2,3.2,0.9893,17.5848,0.125,0.7072
517,True,True,2,0.993,117.0,2.6,0.9531,20.0027,0.0,0.5856
518,True,True,2,0.993,131.8,2.5,0.9111,20.7918,0.0,0.6732
519,True,True,2,0.9935,162.8,3.8,0.917,16.58,0.0357,0.7325
520,True,True,2,0.991,167.8,2.6,0.9725,11.8883,0.0,0.5245
521,True,True,2,0.9935,247.8,3.6,0.9781,17.6903,0.0,0.7519
522,True,True,2,0.9904,142.8,2.7,1.0,17.1196,0.0,0.6935
523,True,True,2,0.9953,258.5,3.0,0.8507,17.049,0.0,0.5298
524,True,True,2,0.9938,142.2,3.0,0.9899,17.6851,0.0,0.7493
525,True,True,2,0.9934,130.8,3.8,0.9613,17.5414,0.0,0.639
526,True,True,2,0.9914,136.8,3.5,0.9946,18.6239,0.0417,0.8217
527,True,True,2,0.9934,135.2,3.7,0.9526,17.9526,0.0,0.6681
528,False,True,2,0.0109,29.2,4.8,1.0,3.0773,0.5556,0.5425
529,True,False,2,0.9935,126.5,3.3,0.9649,17.6648,0.0,0.781
530,True,False,2,0.9938,130.2,3.7,0.9809,15.9346,0.0,0.7609
531,True,True,2,0.9935,240.0,3.6,0.9645,18.4664,0.0,0.7218
532,True,True,2,0.9935,239.0,3.9,0.974,19.2686,0.0,0.7615
533,True,True,2,0.9934,211.2,3.6,0.932,17.8609,0.0,0.5927
534,True,False,2,0.9934,140.2,3.0,0.9525,17.0338,0.0,0.7122
535,True,True,2,0.9934,226.0,3.3,0.9223,18.4195,0.037,0.6645
536,True,True,2,0.9939,184.2,2.7,0.9881,17.5681,0.0,0.6732
537,False,True,3,0.2269,941.0,7.2,0.9685,43.4083,0.2857,0.7022
538,False,True,3,0.3441,1044.2,7.4,0.9927,43.8128,0.2727,0.7752
539,False,True,3,0.6873,576.8,4.9,0.9906,6.0883,0.1053,0.8745
540,True,True,2,0.9937,130.5,3.1,0.9802,20.1911,0.0,0.6566
541,True,False,2,0.9935,132.0,3.1,0.9589,17.571,0.0,0.7569
542,True,True,2,0.993,134.0,2.5,0.9454,17.5145,0.0,0.7033
543,True,True,2,0.9935,190.2,3.3,0.9564,16.5165,0.0,0.7284
544,True,True,2,0.9863,173.8,2.4,0.9959,17.042,0.0,0.8151
545,True,False,3,0.925,183.8,5.6,0.99,17.091,0.05,0.7032
546,True,True,2,0.9937,192.0,3.0,0.9886,17.5707,0.0,0.6518
547,False,True,2,0.0982,20.5,8.2,0.9841,34.7514,0.3571,0.4601
548,True,True,2,0.9479,158.8,3.7,0.968,10.2451,0.0385,0.7108
549,True,True,2,0.9928,223.2,3.5,0.9951,17.4339,0.0,0.7713
550,True,True,2,0.9916,111.8,3.6,0.977,14.515,0.0435,0.8493
551,True,False,2,0.9938,98.5,3.3,0.9922,17.977,0.0,0.7552
552,True,True,3,0.9934,115.2,4.8,0.9167,16.3996,0.0,0.6745
553,True,True,2,0.9935,158.8,3.6,0.9375,18.3207,0.0,0.7322
554,True,False,2,0.9905,109.5,3.5,0.8687,13.2045,0.0,0.5381
555,True,True,2,0.9934,105.5,3.5,0.9544,18.7056,0.0,0.7024
556,False,True,3,0.9104,559.8,5.1,0.9619,11.9931,0.1579,0.7375
557,False,False,1,0.1156,22.0,2.4,0.8772,18.7934,0.0476,0.6326
558,False,False,2,0.2902,33.0,4.0,0.9785,32.3466,0.1818,0.645
559,True,False,2,0.9925,89.0,3.6,0.843,18.9685,0.0,0.773
560,True,False,2,0.9935,125.2,3.1,0.9516,16.4667,0.0435,0.7487
561,False,True,3,0.1201,349.5,5.8,0.999,14.5367,0.1875,0.779
562,False,False,2,0.0062,23.2,9.8,0.5373,12.1493,0.381,0.5139
563,True,True,2,0.9928,146.5,2.9,0.9976,19.2488,0.0,0.7306
564,True,True,2,0.9935,109.2,3.0,0.9605,17.2455,0.0,0.7661
565,False,False,2,0.427,33.5,4.1,0.9467,22.5758,0.1667,0.4574
566,True,True,3,0.9927,149.2,4.3,0.9927,18.3239,0.0,0.8197
567,True,False,3,0.9838,186.5,5.3,0.998,35.7837,0.0667,0.743
568,True,True,2,0.9934,252.8,3.7,0.8951,17.7406,0.0,0.6743
569,True,False,2,0.9932,293.5,3.0,0.9158,16.5887,0.0,0.4476
570,True,True,2,0.9934,146.2,3.4,0.9248,17.4751,0.0,0.6871
571,False,True,1,0.1027,20.2,2.9,1.0,18.1784,0.4615,0.5266
572,False,True,2,0.0067,23.5,5.4,1.0,6.9553,0.2308,0.6058
573,True,True,2,0.9953,128.2,3.6,0.7949,19.2855,0.0,0.5466
574,False,True,1,0.2971,45.0,3.1,0.7899,33.8185,0.0,0.6306
575,True,True,2,0.9937,248.2,3.9,0.9914,15.9711,0.0,0.6725
576,True,False,2,0.9935,111.0,3.0,0.9058,16.2824,0.0,0.7762
577,True,True,2,0.9928,135.0,3.1,0.9949,20.3725,0.0,0.7487
578,True,True,2,0.9929,136.0,3.4,0.9922,17.2993,0.0,0.8121
579,False,True,1,0.107,52.8,2.3,1.0,34.7895,0.4375,0.7708
580,True,True,2,0.9934,201.5,3.8,0.9745,16.704,0.0,0.713
581,True,True,2,0.9935,164.8,3.0,0.9543,18.7234,0.0,0.5786
582,True,True,2,0.9935,226.8,3.7,0.9758,18.9006,0.0,0.7762
583,True,True,2,0.9937,246.8,3.5,0.9881,15.7684,0.0,0.7009
584,True,True,2,0.9934,116.8,2.9,0.8982,17.3834,0.0,0.691
585,True,True,2,0.9946,232.0,3.2,0.8346,14.4399,0.0,0.4349
586,True,True,2,0.9934,151.5,3.5,0.9381,15.6115,0.0333,0.6058
587,False,True,1,0.0743,24.5,2.3,0.697,38.8809,0.0,0.3622
588,True,True,2,0.9934,240.8,3.0,0.9623,18.0592,0.0,0.7178
589,False,True,1,0.0113,21.5,10.2,0.4844,16.7676,0.2143,0.3673
590,True,True,3,0.9934,113.0,5.0,0.9279,17.4993,0.0,0.6497
591,True,True,2,0.9906,104.2,2.5,0.9278,13.4587,0.0,0.4642
592,True,True,2,0.9926,178.5,3.0,0.9839,13.3484,0.0,0.5668
593,True,True,3,0.9935,222.5,4.4,0.9404,16.1701,0.0,0.562
594,True,True,2,0.9927,187.2,3.4,0.9962,19.5923,0.0,0.6429
595,True,True,2,0.9893,121.8,3.1,1.0,19.3112,0.0,0.819
596,True,True,2,0.993,128.5,2.6,0.9688,17.1284,0.0,0.5943
597,True,True,2,0.9937,254.8,3.4,0.9871,16.5907,0.0,0.7183
598,True,True,2,0.9577,250.5,3.6,0.9827,11.1244,0.0,0.6214
599,True,True,3,0.9938,174.5,4.1,0.9869,18.9417,0.0345,0.775
600,True,False,2,0.9953,99.2,3.1,0.8339,16.2596,0.0385,0.5254
601,False,False,1,0.0141,21.2,2.6,1.0,91.4031,0.2857,0.7183
602,True,True,3,0.9935,181.5,4.4,0.9741,19.0045,0.0,0.5287
603,True,False,2,0.9934,92.0,3.1,0.9723,16.7483,0.0,0.6814
604,False,True,1,0.0247,24.5,3.0,1.0,38.5725,0.5,0.6283
605,True,False,2,0.9624,152.5,2.4,0.9802,16.0829,0.0,0.6723
606,True,True,2,0.9934,184.2,3.9,0.95,19.2983,0.0,0.6068
607,False,True,3,0.0239,506.0,6.8,0.9914,9.2759,0.2143,0.7949
608,False,False,1,0.1314,38.8,2.7,1.0,19.1826,0.0,0.7374
609,False,True,3,0.1064,657.8,7.1,0.9658,1.9245,0.0417,0.6845
610,True,True,3,0.921,114.0,5.6,0.9709,19.7161,0.0,0.6501
611,True,False,3,0.8345,362.2,5.4,0.943,12.9044,0.4118,0.5526
612,True,True,3,0.9937,156.0,4.2,0.9861,15.971,0.0,0.6605
613,True,False,2,0.9906,145.0,2.7,1.0,16.3646,0.0,0.7328
614,False,False,2,0.0109,20.5,5.5,0.7037,0.0,0.8,0.2517
615,True,True,2,0.9935,265.8,3.6,0.9409,16.2163,0.0,0.7384
616,True,False,2,0.9931,137.8,2.6,0.9158,16.7319,0.0,0.7353
617,True,True,3,0.9868,171.8,4.0,1.0,19.2109,0.037,0.8339
618,True,False,2,0.992,155.0,2.5,0.9443,13.3313,0.0,0.5446
619,True,False,2,0.993,157.5,2.6,0.9259,16.797,0.037,0.6472
620,False,False,1,0.7151,47.8,3.3,0.8931,18.0199,0.0,0.5554
621,False,True,1,0.4845,65.0,3.1,1.0,15.0885,0.5263,0.5055
622,False,True,1,0.8573,68.8,2.9,0.9348,21.6888,0.0,0.505
623,True,True,3,0.9934,191.2,4.4,0.9758,18.507,0.0,0.6553
624,False,True,1,0.2777,25.5,3.5,0.8485,16.5965,0.0,0.4556
625,True,False,2,0.9951,87.0,3.2,0.5458,16.9828,0.0,0.5884
626,False,False,1,0.1601,31.8,2.5,0.9524,37.2879,0.0,0.5188
627,True,True,2,0.9934,143.0,2.6,0.9898,17.1117,0.0,0.7125
628,False,True,1,0.0389,29.5,2.6,1.0,24.6864,0.5263,0.642
629,True,True,2,0.9934,207.5,3.9,0.9546,17.3753,0.0,0.5904
630,True,True,2,0.9934,213.5,3.7,0.9725,20.4401,0.0,0.6392
631,False,True,2,0.0412,37.0,7.3,0.7961,15.4368,0.0,0.6469
632,True,False,2,0.9925,90.8,3.0,0.8912,18.7369,0.0,0.4418
633,True,False,2,0.9935,127.2,2.8,0.9504,16.7528,0.0,0.6547
634,True,True,2,0.9228,510.2,3.3,0.9831,16.075,0.0,0.6277
635,True,True,2,0.9934,240.5,3.5,0.9608,16.4685,0.0,0.6302
636,True,False,3,0.9862,227.5,5.3,0.8437,13.3741,0.4444,0.5493
637,True,True,2,0.9934,122.0,2.9,0.9088,15.6931,0.0,0.6551
638,False,True,1,0.0366,53.8,2.1,1.0,41.4922,0.5,0.5401
639,True,True,2,0.9927,204.8,3.6,0.9964,18.5433,0.0,0.6457
640,True,False,2,0.9905,120.5,2.9,1.0,18.3749,0.0,0.8021
641,True,False,2,0.9928,140.8,3.1,0.9949,16.068,0.0385,0.726
642,True,False,2,0.9928,117.0,3.2,0.9937,19.2755,0.0,0.7745
643,True,True,2,0.9603,155.5,2.3,0.9765,17.9806,0.0,0.6499
644,True,True,3,0.9935,160.8,4.1,0.8778,19.6302,0.0,0.7337
645,True,False,2,0.9925,134.2,2.8,0.967,13.7443,0.0,0.6599
646,True,True,2,0.9937,274.2,3.5,0.9798,17.5237,0.0,0.6987
647,True,False,2,0.9932,113.8,3.2,0.9385,18.0414,0.0,0.5047
648,True,True,2,0.9935,236.0,3.6,0.9633,16.5808,0.0,0.7184
649,True,True,2,0.9905,233.0,3.3,1.0,16.3542,0.0,0.7791
650,True,True,2,0.9934,167.5,3.6,0.9382,19.7154,0.0,0.6718
651,True,False,2,0.9928,185.5,3.3,0.8594,15.9611,0.0,0.585
652,False,False,1,0.5981,78.8,3.3,0.7273,34.132,0.0,0.6681
653,False,True,0,0.1369,31.5,3.0,0.1379,25.738,0.0,0.6188
654,True,True,2,0.9813,178.5,2.4,0.7743,16.3261,0.0,0.7277
655,True,False,2,0.9915,108.5,3.2,0.9797,17.4315,0.0385,0.8444
656,True,False,2,0.9934,176.0,3.2,0.977,17.9936,0.0,0.7086
657,False,True,1,0.0056,20.8,2.2,1.0,83.3527,0.3846,0.5063
658,True,False,2,0.9953,98.8,3.3,0.8188,19.9213,0.0,0.5881
659,False,True,1,0.0812,34.0,3.0,0.9785,20.7546,0.5556,0.4998
660,False,False,1,0.3276,65.5,2.9,0.9728,33.8304,0.0,0.8125
661,False,False,1,0.0898,40.8,2.7,1.0,32.5625,0.0,0.6638
662,True,True,2,0.7831,95.5,2.4,0.8755,17.1214,0.0,0.5353
663,True,False,2,0.9938,92.0,3.2,0.9846,16.6966,0.0,0.7905
664,False,True,2,0.8143,570.0,2.8,0.9576,1.8418,0.1429,0.4764
665,False,True,3,0.1178,275.8,6.1,0.9815,7.2255,0.2308,0.652
666,True,True,2,0.9935,213.5,3.4,0.9588,16.2078,0.0,0.7935
667,True,True,2,0.9934,134.5,3.2,0.9532,19.7357,0.0,0.7126
668,True,True,2,0.993,166.8,2.5,0.9711,17.3048,0.0,0.5823
669,True,False,1,0.9263,77.8,3.1,0.9819,13.8738,0.4286,0.7341
670,True,True,2,0.9935,269.0,3.7,0.9691,17.029,0.0,0.737
671,True,False,2,0.9935,122.8,3.2,0.9705,18.239,0.0,0.7996
672,True,True,2,0.9617,178.0,2.9,0.9712,7.297,0.0,0.6117
673,True,True,2,0.9932,273.0,3.0,0.9734,17.0563,0.0,0.5238
674,True,False,2,0.9934,132.5,3.5,0.9394,18.7332,0.0,0.6366
675,True,True,2,0.9891,138.5,2.4,0.9814,21.76,0.0,0.7331
676,True,True,3,0.9917,132.8,4.4,0.9946,18.6667,0.0,0.8133
677,True,False,2,0.9905,149.0,3.1,1.0,15.8476,0.037,0.7539
678,True,True,2,0.9939,149.0,2.7,0.9836,18.6898,0.0,0.6638
679,True,False,2,0.9937,124.0,3.0,0.9855,18.9981,0.0,0.5851
680,True,False,2,0.6314,205.8,2.7,1.0,13.3153,0.6667,0.6713
681,False,True,3,0.1078,623.8,7.1,0.9873,4.1573,0.0667,0.7272
682,True,True,2,0.9937,90.8,3.3,0.9878,18.8899,0.0,0.6977
683,True,True,2,0.9935,134.0,3.1,0.9081,17.4016,0.0,0.7945
684,True,True,2,0.993,93.8,2.8,0.9535,16.8284,0.0,0.7525
685,True,False,2,0.9935,109.8,2.8,0.8922,16.049,0.0,0.5811
686,False,True,1,0.3678,69.8,2.4,0.8177,29.7185,0.0,0.6688
687,True,True,2,0.9938,292.5,3.7,0.9861,16.241,0.0,0.767
688,True,False,2,0.9935,122.2,3.3,0.8856,18.2526,0.0,0.5549
689,False,True,3,0.1121,262.5,6.1,0.8928,6.4174,0.2308,0.6089
690,False,True,2,0.7489,785.5,2.8,0.9751,0.6452,0.1538,0.5828
691,False,False,1,0.0502,20.8,3.5,0.6545,19.3936,0.0,0.5162
692,True,False,2,0.9567,334.8,2.8,0.9542,15.0778,0.0,0.6234
693,True,False,1,0.5543,32.0,3.0,0.9231,21.8329,0.2174,0.7889
694,True,False,2,0.9934,156.0,2.6,0.9821,16.5545,0.037,0.711
695,True,True,2,0.993,126.0,2.5,0.9677,17.8639,0.0,0.7061
696,True,True,3,0.9937,199.8,5.3,0.9835,15.8992,0.0,0.6878
697,True,False,2,0.9509,118.8,2.7,0.9665,11.4635,0.3333,0.5756
698,True,True,2,0.9927,217.5,3.1,0.9983,18.7051,0.0,0.6755
699,True,False,2,0.9936,225.8,2.9,0.9885,15.0988,0.0,0.5075
700,False,False,0,0.0312,33.2,3.7,0.4,10.5197,0.0,0.421
701,False,True,1,0.2036,55.2,2.4,0.9733,32.4889,0.0,0.6987
702,True,True,2,0.9935,143.2,2.7,0.919,16.2063,0.0,0.6863
703,True,False,2,0.9848,126.2,2.8,0.9795,15.8261,0.2609,0.6183
704,True,True,2,0.9936,134.2,2.8,0.9778,19.1275,0.0,0.7242
705,True,True,3,0.9935,120.0,4.9,0.9585,15.1639,0.0,0.7488
706,False,False,1,0.4061,40.0,3.0,0.9515,32.8049,0.0435,0.6537
707,True,True,2,0.9887,277.8,3.6,1.0,15.7966,0.0312,0.8232
708,True,False,2,0.9935,114.8,3.1,0.9775,16.4991,0.0,0.759
709,True,False,2,0.9934,128.0,2.9,0.9352,18.6002,0.0,0.6965
710,True,False,2,0.8088,145.8,3.2,0.9627,21.4406,0.7143,0.5544
711,True,False,1,0.7912,66.2,3.5,0.8182,21.4643,0.6667,0.6033
712,True,True,2,0.9951,116.8,5.5,0.0157,17.9431,0.0333,0.7098
713,True,True,1,0.6113,75.5,2.1,0.8565,15.6766,0.0,0.4257
714,True,False,1,0.8972,78.2,2.7,0.9019,19.3591,0.0,0.6713
715,True,False,2,0.9915,104.2,3.1,0.9895,19.9623,0.0,0.8439
716,True,False,2,0.9935,123.8,2.8,0.9504,16.0024,0.0357,0.6298
717,True,True,2,0.9938,137.8,3.3,0.9812,18.93,0.0,0.5585
718,False,False,1,0.1028,76.5,2.9,1.0,32.8965,0.0,0.8159
719,True,True,2,0.9863,84.2,3.7,0.9515,18.4351,0.0,0.5175
720,True,True,2,0.9927,219.2,3.7,0.9935,18.3638,0.0741,0.6156
721,True,True,3,0.9932,219.0,5.4,0.9231,18.6082,0.0294,0.475
722,True,True,2,0.9928,126.8,3.0,0.9972,17.4162,0.0,0.7898
723,True,False,2,0.9935,106.5,2.9,0.9586,17.9582,0.0,0.5452
724,True,True,3,0.9934,180.5,4.4,0.9595,15.9121,0.0,0.616
725,True,True,2,0.9924,168.8,3.7,0.7859,18.662,0.0952,0.7077
726,False,True,3,0.036,118.2,9.1,0.9377,0.0,0.875,0.6143
727,False,True,1,0.0248,39.0,3.8,1.0,60.7236,0.5,0.613
728,True,True,2,0.9928,254.8,3.5,0.9972,16.6607,0.0312,0.7714
729,True,True,2,0.993,123.2,2.6,0.9347,19.5593,0.0,0.6179
730,True,False,2,0.9934,123.2,3.0,0.9172,16.8138,0.0,0.709
731,False,False,2,0.0147,20.8,7.5,1.0,7.9596,0.1429,0.4704
732,True,False,2,0.9934,96.2,3.5,0.9407,15.9986,0.0,0.708
733,False,False,1,0.1528,24.8,2.7,0.7353,13.1146,0.0769,0.4987
734,True,False,2,0.9914,93.2,2.6,0.8687,17.3478,0.0,0.5103
735,True,False,1,0.4686,32.2,2.4,1.0,14.4472,0.1,0.6257
736,True,False,1,0.4478,28.8,3.0,0.8765,14.7402,0.0588,0.4496
737,True,False,2,0.9927,118.5,3.2,0.9849,18.7165,0.0,0.8213
738,True,True,3,0.9937,235.5,5.1,0.9877,18.7821,0.0385,0.6365
739,True,True,2,0.9926,201.8,3.1,0.9787,18.5866,0.0,0.6519
740,True,False,1,0.9101,56.5,2.5,0.9484,15.9596,0.0526,0.5286
741,True,False,2,0.9936,133.0,2.9,0.9833,19.1501,0.0,0.5179
742,True,True,1,0.5702,72.2,3.1,1.0,17.5827,0.0,0.6239
743,True,True,2,0.9934,99.2,3.2,0.9745,18.1245,0.0,0.6753
744,True,True,2,0.9937,148.0,3.8,0.9831,18.8817,0.0323,0.6478
745,True,True,3,0.9934,173.0,4.1,0.8985,21.3064,0.0909,0.6777
746,True,False,2,0.9935,94.0,3.1,0.9211,16.6424,0.0,0.7471
747,True,False,3,0.9932,113.8,4.3,0.8882,14.8498,0.0435,0.445
748,True,True,2,0.9934,210.5,3.8,0.8991,18.4503,0.0,0.7141
749,True,False,3,0.9903,233.5,5.5,0.9402,11.9265,0.1429,0.5948
750,True,True,2,0.9937,182.8,3.8,0.9804,16.5288,0.0345,0.6355
751,True,False,2,0.9935,95.0,2.9,0.962,19.0023,0.0,0.5575
752,True,False,3,0.9938,195.5,4.2,0.9868,16.9783,0.12,0.7694
753,True,True,2,0.9862,260.2,3.2,0.9731,27.0097,0.1176,0.7436
754,True,False,2,0.9924,114.2,3.2,0.8414,16.7132,0.0,0.6787
755,True,False,2,0.99,107.2,3.2,0.9966,16.0634,0.0,0.8289
756,True,True,3,0.9927,154.0,5.5,0.9953,21.5768,0.1053,0.638
757,False,True,0,0.0549,21.2,3.2,0.0,22.6332,0.0,0.5319
758,True,False,2,0.9934,118.5,3.1,0.96,18.8332,0.0,0.6163
759,True,True,2,0.9928,161.8,3.6,0.8716,18.2342,0.08,0.6347
760,True,False,2,0.9511,99.2,2.4,1.0,11.9296,0.16,0.7714
761,True,True,2,0.9937,202.5,3.6,0.9855,18.5979,0.0,0.6207
762,False,False,0,0.2342,47.0,2.7,0.3252,27.806,0.0,0.6092
763,True,False,2,0.9951,92.8,3.1,0.5081,17.5337,0.0,0.6207
764,True,True,2,0.9934,96.8,3.2,0.9124,16.4659,0.0,0.6936
765,False,True,3,0.2022,387.0,6.0,0.9926,14.0725,0.3333,0.7534
766,True,False,1,0.7823,46.0,3.1,0.992,38.1799,0.1154,0.751
767,True,True,3,0.9938,184.5,4.6,0.9861,18.7781,0.0667,0.7986
768,True,True,3,0.9935,145.2,5.4,0.9643,15.7134,0.0,0.7747
769,True,True,2,0.9937,254.5,3.2,0.99,22.3104,0.1333,0.6534
770,False,False,1,0.7118,46.2,2.7,0.9397,17.2333,0.0,0.6981
771,True,True,2,0.993,171.8,2.8,0.9937,17.9404,0.0,0.568
772,False,True,3,0.0799,602.2,7.9,0.9892,1.2561,0.3333,0.8915
773,True,False,2,0.9938,130.0,3.2,0.9916,16.888,0.0,0.726
774,False,True,2,0.6464,1501.8,2.9,0.993,0.71,0.2308,0.5927
775,True,False,1,0.8448,45.0,3.3,0.8359,18.2453,0.0,0.4562
776,False,True,3,0.0731,694.2,7.9,0.9766,5.3105,0.2857,0.6351
777,True,True,2,0.9934,218.8,3.3,0.9735,15.8563,0.0769,0.7002
778,True,False,2,0.9935,117.0,3.4,0.9696,16.0007,0.0,0.7953
779,True,True,2,0.9934,117.2,2.7,0.8833,20.877,0.0,0.4544
780,True,False,2,0.9937,151.5,3.1,0.9904,16.9252,0.0,0.6229
781,True,True,2,0.9934,252.0,3.4,0.9678,17.6645,0.0,0.6493
782,True,True,2,0.9934,130.0,3.3,0.9256,16.4227,0.0,0.6308
783,False,True,3,0.7873,133.5,6.2,0.9246,16.212,0.4286,0.5999
784,True,True,3,0.993,134.2,4.4,0.9919,14.4528,0.0385,0.7142
785,True,True,2,0.9935,165.5,2.7,0.93,16.913,0.0,0.6879
786,True,True,2,0.9937,214.5,3.5,0.9917,19.1178,0.0769,0.6992
787,True,True,2,0.9934,116.5,3.3,0.9065,18.0336,0.0833,0.6
788,True,False,2,0.992,137.2,3.3,0.9711,15.0989,0.16,0.7893
789,True,True,2,0.9937,140.5,2.9,0.9871,17.3323,0.0,0.7039
790,True,False,2,0.9935,90.0,3.2,0.9664,17.321,0.069,0.7789
791,False,False,1,0.3423,41.5,2.9,1.0,19.0082,0.0345,0.7505
792,True,True,2,0.9936,138.0,3.0,0.8431,17.7587,0.0,0.8127
793,True,False,2,0.9935,113.5,3.7,0.9638,15.0538,0.0,0.7734
794,False,False,1,0.2119,34.8,3.0,0.7708,28.6517,0.2069,0.4909
795,True,False,2,0.9934,122.2,3.3,0.9707,17.744,0.0,0.8167
796,True,False,3,0.9072,727.8,5.4,0.9816,11.9784,0.125,0.6944
797,True,True,2,0.9935,184.5,3.5,0.9512,15.5567,0.0,0.7681
798,False,False,2,0.2433,133.8,2.4,0.9946,51.6893,0.08,0.673
799,True,False,2,0.9914,125.5,2.6,0.8782,14.9777,0.1667,0.6138
800,True,True,1,0.9951,279.0,3.5,0.1556,16.1522,0.0455,0.6493
801,True,False,2,0.9931,208.5,2.5,0.9671,15.0351,0.0,0.8051
802,True,True,2,0.9928,261.8,3.4,0.9972,17.861,0.0952,0.7295
803,True,False,3,0.8231,2007.0,8.1,0.9927,14.8712,0.2632,0.624
804,True,False,2,0.9862,81.8,3.7,0.95,19.1294,0.0,0.5953
805,True,False,2,0.9924,102.8,3.1,0.7805,18.703,0.0,0.681
806,True,False,2,0.9934,110.5,3.0,0.9635,15.5704,0.0,0.6464
807,True,True,2,0.9934,178.8,3.4,0.9478,16.9962,0.1111,0.641
808,True,False,2,0.9928,125.2,3.4,0.8707,19.4956,0.0,0.6845
809,True,False,2,0.9934,93.8,3.1,0.9354,18.7803,0.0,0.6264
810,True,False,2,0.9934,98.5,3.5,0.9237,19.0768,0.0,0.5811
811,True,False,2,0.9935,111.2,3.0,0.9233,18.6595,0.0,0.7297
812,True,False,1,0.7987,60.2,3.1,1.0,25.3142,0.15,0.7751
813,True,False,2,0.9927,133.2,3.6,0.9945,15.8186,0.0,0.6214
814,True,False,1,0.8291,70.0,3.0,0.901,16.7443,0.0,0.6917
815,False,True,2,0.0352,29.8,4.0,1.0,50.0896,0.6923,0.5902
816,True,False,2,0.9923,87.8,3.0,0.9796,16.6344,0.1714,0.6305
817,True,False,2,0.984,107.5,2.7,0.9276,19.0502,0.3,0.6281
818,True,False,2,0.9919,154.8,2.6,0.9212,13.2718,0.0,0.6487
819,True,False,2,0.9936,176.0,2.8,0.8821,17.1903,0.0,0.8031
820,False,False,1,0.1962,24.8,2.9,0.806,30.4668,0.2059,0.492
821,True,False,2,0.9938,291.2,2.9,0.9812,17.8604,0.0526,0.5366
822,True,True,2,0.9937,154.0,3.1,0.9834,15.5276,0.0,0.704
823,True,False,2,0.9934,115.0,3.3,0.9586,18.2186,0.0,0.6868
824,False,False,1,0.343,69.8,2.8,0.9223,26.6344,0.0,0.7934
825,True,False,2,0.9935,117.8,3.2,0.9783,15.1853,0.0,0.7608
826,False,False,1,0.107,21.5,2.9,0.5254,45.3804,0.0556,0.5548
827,True,False,2,0.9441,101.0,2.8,0.9382,59.9287,0.0526,0.5707
828,True,True,2,0.9923,215.8,2.6,0.9866,12.1102,0.0,0.5905
829,True,False,2,0.9934,129.0,3.5,0.96,15.7904,0.0,0.6674
830,True,True,2,0.9922,120.2,3.1,0.9757,13.7137,0.0,0.7731
831,False,True,3,0.1223,562.8,7.9,0.9673,4.1209,0.5714,0.4867
832,True,False,1,0.994,91.2,3.1,0.0192,15.3319,0.1622,0.768
833,False,False,1,0.1446,40.0,2.7,0.7477,21.699,0.0,0.5927
834,True,False,1,0.8468,72.8,3.4,0.9356,16.5031,0.0,0.6083
835,False,False,1,0.1175,41.8,2.4,0.8596,62.6075,0.1053,0.5187
836,False,False,1,0.0178,24.2,3.7,1.0,91.1877,0.5,0.6813
837,True,False,3,0.9865,128.5,4.1,0.8799,18.1363,0.1818,0.5257
838,True,False,2,0.9935,99.0,3.5,0.9416,17.1031,0.0,0.7507
839,True,False,2,0.9934,94.2,3.1,0.958,17.2736,0.0714,0.6586
840,True,False,2,0.9935,114.0,3.2,0.9908,17.9813,0.0,0.8502
841,True,True,2,0.9905,126.8,2.9,1.0,16.3468,0.0,0.7511
842,False,False,1,0.0305,22.0,2.8,1.0,32.3637,0.0,0.7685
843,True,False,2,0.9928,156.5,3.2,0.9977,14.8471,0.0,0.7942
844,True,False,2,0.9938,133.8,3.4,0.9918,19.4904,0.0,0.7963
845,False,False,1,0.3014,53.8,3.0,0.9864,46.2736,0.0,0.7833
846,True,True,2,0.9927,132.8,3.0,0.9946,18.9658,0.0,0.8167
847,True,True,2,0.9925,130.8,2.8,0.977,14.1261,0.0,0.7069
848,True,False,2,0.9862,86.8,3.6,0.9665,17.2274,0.0,0.638
849,False,False,1,0.172,71.8,3.2,1.0,25.4982,0.3158,0.6655
850,False,False,1,0.2262,24.8,3.0,0.8923,31.5662,0.0652,0.4836
851,False,False,2,0.5523,80.8,2.8,0.9414,41.9337,0.0,0.6802
852,True,False,2,0.9934,101.5,3.2,0.9293,17.623,0.0,0.6404
853,True,False,2,0.9911,157.5,3.7,0.9952,14.5599,0.122,0.7991
854,True,False,2,0.9935,104.2,2.8,0.885,18.9984,0.0,0.5904
855,True,False,2,0.9928,113.8,3.3,0.9968,18.9806,0.0,0.802
856,False,False,1,0.1304,27.5,3.3,0.9,15.1786,0.2,0.3627
857,True,True,2,0.9935,99.8,3.9,0.952,16.5442,0.0,0.7536
858,True,False,2,0.9934,120.8,2.8,0.9441,17.05,0.0652,0.5237
859,False,True,1,0.3537,35.5,2.7,0.8785,29.7084,0.0,0.5078
860,False,False,2,0.012,23.2,5.6,1.0,4.7202,0.1111,0.5411
861,False,False,1,0.0566,50.2,9.7,0.037,79.8822,0.375,0.3123
862,False,True,3,0.8842,269.5,6.1,0.9214,13.3467,0.0,0.7054
863,True,False,2,0.9904,207.2,3.4,1.0,15.0256,0.0,0.5274
864,True,False,2,0.9939,105.5,3.3,0.7188,14.5037,0.0,0.606
865,True,True,2,0.9899,134.0,3.5,1.0,18.7221,0.0,0.8473
866,True,False,2,0.9928,210.0,3.1,0.8718,17.989,0.0,0.6023
867,True,False,2,0.9938,101.8,2.9,0.9929,15.4674,0.1163,0.7237
868,True,False,2,0.9928,176.8,3.0,0.998,19.7803,0.0,0.7568
869,False,False,2,0.1054,158.0,3.4,1.0,28.5305,0.6923,0.8269
870,True,True,2,0.9914,151.5,3.0,0.8647,13.955,0.0,0.5875
871,True,False,2,0.9927,134.0,3.0,0.9946,17.4306,0.0,0.6259
872,True,False,2,0.9935,167.0,3.2,0.9533,18.0951,0.0,0.5744
873,True,False,2,0.9927,156.2,2.9,0.9976,17.7616,0.06,0.65
874,True,True,2,0.9926,88.2,3.1,0.8625,16.9153,0.0,0.5211
875,False,False,0,0.1564,27.8,2.8,0.0,32.4451,0.1429,0.7048
876,True,False,2,0.9712,98.2,3.0,0.9098,7.925,0.0,0.3488
877,True,False,2,0.9934,116.2,3.1,0.9698,17.1597,0.0,0.818
878,True,False,3,0.9935,104.0,4.2,0.9412,17.8849,0.0,0.5692
879,False,False,1,0.0056,22.5,7.1,0.069,0.0,0.0,0.3717
880,True,True,2,0.9935,141.0,3.4,0.9631,18.2348,0.0,0.7185
881,False,True,3,0.7291,1481.0,6.7,0.9488,26.3864,0.0,0.6907
882,False,True,3,0.5349,269.0,6.1,0.9717,10.963,0.0,0.734
883,False,True,1,0.5077,56.2,3.0,0.9308,39.7166,0.0769,0.7245
884,True,False,2,0.9934,124.8,3.3,0.9255,19.5059,0.0,0.7146
885,True,False,1,0.9951,104.0,2.9,0.1142,15.7841,0.122,0.7121
886,False,True,1,0.1781,76.8,2.9,0.9951,33.8071,0.0,0.905
887,True,True,1,0.8456,71.2,3.5,0.7865,14.4386,0.0,0.5818
888,False,False,1,0.1623,67.5,2.9,1.0,26.9068,0.0,0.839
889,True,False,2,0.9938,138.5,3.1,0.9869,18.0155,0.0,0.7404
890,True,False,2,0.9927,117.5,3.1,0.9938,16.9123,0.0,0.6798
891,False,False,1,0.1398,29.2,2.8,0.9565,60.8508,0.25,0.6761
892,True,False,2,0.9868,149.2,3.3,1.0,18.672,0.0,0.8412
893,True,False,2,0.9928,208.0,3.0,0.9965,17.7706,0.0612,0.7948
894,True,False,1,0.7988,47.0,2.3,0.9756,22.3706,0.2222,0.6101
895,True,False,2,0.9896,130.2,2.6,0.9885,15.1571,0.0,0.3961
896,True,True,2,0.9934,123.8,3.6,0.9595,16.8699,0.0,0.6505
897,False,False,1,0.1571,25.8,3.1,0.9315,28.0332,0.0,0.6656
898,True,False,2,0.9937,150.0,3.2,0.9881,17.7116,0.0,0.7108
899,True,False,3,0.9942,116.2,4.5,0.969,16.8236,0.0,0.809
900,True,False,2,0.9928,150.8,2.9,0.9952,15.1842,0.1087,0.7297
901,True,False,2,0.9934,136.0,3.0,0.9536,19.1708,0.0,0.6776
902,True,False,2,0.9884,260.0,3.1,1.0,12.1609,0.0,0.6819
903,True,False,1,0.9571,78.0,3.4,0.7395,16.4104,0.0,0.5061
904,True,True,2,0.9934,124.8,3.0,0.9621,17.7361,0.0,0.6608
905,False,False,1,0.4963,73.8,3.3,1.0,19.1779,0.0,0.7778
906,True,False,2,0.9918,90.2,3.2,0.9653,14.5134,0.0392,0.6601
907,True,True,1,0.83,61.2,3.6,0.9706,15.9042,0.0,0.7025
908,False,False,1,0.7505,76.0,3.2,0.8756,24.6696,0.0,0.6074
909,True,False,3,0.9928,92.8,4.1,0.996,14.9316,0.0,0.7768
910,False,True,3,0.9927,267.5,4.9,0.9973,14.8701,0.0,0.6693
911,True,False,1,0.8989,74.2,3.4,0.855,17.9534,0.0,0.461
912,True,False,2,0.9928,168.5,3.0,0.9932,17.0539,0.0,0.7497
913,True,True,2,0.9935,107.5,3.1,0.8846,15.753,0.0,0.8209
914,False,False,1,0.5798,72.2,3.7,0.9307,18.0668,0.0,0.831
915,True,False,2,0.9923,198.8,3.0,0.9837,14.527,0.0,0.6119
916,False,False,1,0.008,22.5,8.0,0.0,9.6107,0.4667,0.3043
917,True,False,2,0.9934,158.2,3.0,0.8957,16.4746,0.0,0.6712
918,False,False,2,0.0074,20.2,9.7,0.5385,4.0842,0.2308,0.5576
919,True,False,1,0.851,51.0,2.9,1.0,19.697,0.0,0.9022
920,False,False,1,0.0834,32.8,2.2,0.9333,75.631,0.2143,0.4699
921,True,False,2,0.9922,199.8,3.3,0.9532,13.4144,0.0,0.5404
922,True,False,2,0.9924,148.8,3.0,0.9882,14.5326,0.0,0.784
923,False,False,2,0.0996,28.2,9.2,0.8718,22.5004,0.2917,0.6591
924,False,True,3,0.181,343.8,6.2,0.9563,11.0143,0.0,0.5867
925,True,False,2,0.9928,132.0,3.0,0.9972,16.0163,0.0,0.7279
926,True,True,2,0.9945,121.8,3.1,0.8785,15.6336,0.0,0.8106
927,True,True,2,0.9927,131.2,2.9,0.9972,19.2501,0.0,0.7176
928,True,False,2,0.9953,103.8,2.8,0.669,17.4862,0.0,0.5745
929,False,False,2,0.4208,92.5,2.8,0.9098,11.1859,0.0,0.4629
930,False,False,2,0.869,118.0,3.3,0.9027,14.6358,0.2222,0.7136
931,True,True,1,0.943,78.5,3.3,0.8873,17.8436,0.0,0.5081
932,True,False,2,0.9836,142.0,2.9,0.9606,15.5596,0.2692,0.6819
933,False,False,2,0.3967,112.5,3.2,1.0,10.4167,0.2308,0.7039
934,True,False,2,0.9837,132.5,3.3,0.9917,16.978,0.1875,0.7398
935,True,False,2,0.989,96.5,3.5,1.0,22.9384,0.2609,0.9118
936,False,False,3,0.1294,937.8,5.6,0.9773,12.0494,0.381,0.5966
937,False,True,3,0.7459,452.8,5.3,0.9711,5.7909,0.0,0.6074
938,True,False,2,0.9934,121.8,2.9,0.9765,15.1621,0.1316,0.6799
939,True,False,2,0.9693,86.8,3.4,0.875,20.4487,0.2609,0.6798
940,True,False,2,0.9937,131.0,3.0,0.9889,17.614,0.1,0.6689
941,True,False,2,0.9935,115.2,3.7,0.972,18.4412,0.0909,0.7905
942,True,False,2,0.9935,115.2,3.7,0.9719,18.4521,0.0667,0.7584
943,True,False,2,0.9869,105.5,3.5,0.7629,15.7117,0.3333,0.5382
944,True,False,3,0.9934,94.8,4.4,0.9665,17.6129,0.02,0.6748
945,True,False,2,0.9934,130.5,3.8,0.9659,17.9302,0.0652,0.6396
946,False,False,1,0.128,73.8,2.7,0.995,11.644,0.0,0.8092
947,True,False,2,0.9931,114.2,2.7,0.8631,18.6637,0.0,0.5522
948,True,False,3,0.9903,107.8,4.3,1.0,18.1437,0.0,0.6796
949,False,True,1,0.0439,23.0,3.7,1.0,78.342,0.2,0.75
950,True,False,2,0.992,125.5,3.5,0.9053,17.2208,0.1515,0.7405
951,True,True,2,0.9953,110.5,3.0,0.798,16.7077,0.0,0.5489
952,True,False,2,0.9858,181.2,2.9,0.9504,15.415,0.1923,0.752
953,True,False,3,0.9934,125.8,4.0,0.971,17.7979,0.0,0.6899
954,False,False,1,0.7133,73.5,2.7,0.9378,20.6118,0.0976,0.4322
955,False,True,1,0.3486,64.0,3.0,0.9939,7.2535,0.125,0.6336
956,True,False,2,0.9927,120.0,3.8,0.9938,18.522,0.0,0.6611
957,False,False,1,0.229,41.0,2.9,0.7632,16.7125,0.0,0.5702
958,True,False,2,0.9937,136.0,3.5,0.9812,17.9665,0.0,0.6744
959,True,False,2,0.991,154.8,2.6,0.9977,14.1396,0.0,0.7093
960,True,False,2,0.8914,222.5,3.3,0.9296,12.2057,0.2,0.4136
961,True,True,1,0.8246,61.8,2.9,0.9494,19.2637,0.0,0.7632
962,True,False,2,0.9939,130.0,2.7,0.9858,17.469,0.0,0.6784
963,True,False,2,0.9925,174.5,2.9,0.9912,13.9701,0.0,0.6823
964,False,False,1,0.2626,67.2,3.0,0.9785,32.3515,0.0217,0.7895
965,False,False,1,0.6694,75.0,3.1,0.9317,15.115,0.0,0.6281
966,True,False,2,0.9929,151.2,2.8,0.9828,12.2934,0.0,0.6806
967,False,False,1,0.6749,64.5,3.0,0.9781,14.0255,0.0,0.6793
968,True,True,1,0.9052,64.0,3.4,0.7143,16.817,0.0,0.5768
969,True,False,2,0.9927,134.5,3.1,0.9894,12.0389,0.0,0.8032
970,False,True,3,0.0537,1254.0,9.4,0.9265,8.3052,0.0909,0.6649
971,True,False,2,0.9921,160.5,2.9,0.9453,14.3449,0.0,0.6873
972,True,False,2,0.9264,80.0,3.3,0.9509,20.4588,0.0,0.6702
973,True,False,2,0.9636,165.0,2.7,0.9585,9.2316,0.0,0.6219
974,False,True,3,0.0495,820.2,9.5,0.9524,7.682,0.1,0.7271
975,True,False,2,0.9933,107.5,3.5,0.9896,16.917,0.1481,0.8073
976,False,True,3,0.3769,352.2,6.3,0.9556,15.2848,0.0,0.7235
977,True,False,1,0.8792,46.0,3.5,0.6613,21.0664,0.1613,0.4665
978,True,False,2,0.9939,148.2,2.8,0.9854,17.0728,0.0,0.6253
979,True,False,2,0.9934,139.5,3.0,0.9711,15.15,0.0476,0.6186
980,False,True,2,0.1296,65.2,12.0,0.7056,0.0,0.1667,0.366
981,True,False,2,0.989,116.2,3.2,1.0,18.8428,0.0,0.816
982,True,False,2,0.9934,96.8,3.6,0.9401,19.3477,0.0,0.6015
983,True,True,2,0.9934,151.0,2.9,0.9523,16.967,0.0,0.7038
984,True,False,2,0.9927,135.0,3.4,0.9945,17.0152,0.0465,0.5864
985,True,False,3,0.8982,451.0,5.5,0.9783,46.2142,0.1379,0.7465
986,True,False,2,0.9952,111.5,3.2,0.7533,17.692,0.0244,0.5739
987,True,False,1,0.8679,68.2,3.1,0.8936,16.8733,0.0,0.5816
988,True,False,2,0.9934,115.5,3.2,0.9709,17.3128,0.0244,0.7153
989,True,False,2,0.9934,90.0,3.0,0.9639,18.5535,0.0,0.6088
990,True,False,2,0.9923,101.8,3.8,0.9926,17.4888,0.1613,0.7007
991,True,False,2,0.9937,170.0,2.9,0.9893,19.396,0.0,0.6074
992,True,False,2,0.9934,110.2,3.4,0.9727,17.2844,0.0,0.6522
993,True,False,2,0.9825,101.5,3.3,0.9928,16.4437,0.2222,0.8245
994,True,False,2,0.9776,108.5,3.2,1.0,19.5418,0.2258,0.7969
995,True,False,2,0.9927,97.5,2.8,0.9691,18.1459,0.0,0.4815
996,True,False,2,0.9809,90.2,3.6,0.872,21.2879,0.1935,0.6278
997,True,False,2,0.9934,109.8,3.7,0.9626,17.6403,0.0,0.6553
998,True,False,2,0.9936,281.0,2.8,0.9716,16.6624,0.0588,0.5584
999,True,False,2,0.9951,125.2,3.1,0.7514,16.1808,0.0,0.6773
1000,True,True,0,0.7677,48.5,3.3,0.4651,20.3696,0.0,0.5152
1001,True,False,2,0.9937,129.8,3.5,0.9855,17.4726,0.0,0.6784
1002,True,False,2,0.9935,127.8,3.3,0.9034,18.7056,0.0,0.7393
1003,True,False,2,0.9915,98.0,3.8,0.9802,17.3643,0.0,0.8372
1004,True,False,1,0.9071,72.2,3.2,0.8359,20.3674,0.0,0.435
1005,True,False,2,0.9935,115.0,3.2,0.9006,15.9094,0.0,0.5451
1006,True,True,2,0.9951,88.2,3.0,0.5844,17.4579,0.0,0.6819
1007,True,False,2,0.9935,147.2,3.1,0.9757,17.9652,0.0,0.7468
1008,True,False,2,0.9935,126.5,3.3,0.965,18.894,0.0,0.7243
1009,True,True,2,0.9187,123.8,2.1,0.7382,19.3058,0.0,0.5965
1010,True,False,2,0.992,117.2,3.4,0.9717,17.3113,0.1562,0.7285
1011,False,False,3,0.1754,908.8,5.6,0.9904,13.3839,0.0811,0.5955
1012,True,False,2,0.9934,102.2,3.2,0.9418,15.6984,0.0,0.6282
1013,True,False,2,0.9935,105.5,3.0,0.9718,16.1722,0.0,0.5782
1014,True,False,2,0.9386,99.2,3.7,0.9749,11.3717,0.1111,0.6785
1015,True,False,2,0.6785,60.8,6.1,0.7765,81.3004,0.125,0.4857
1016,True,False,1,0.8066,78.5,3.0,0.729,44.7728,0.1304,0.6589
1017,True,False,2,0.9937,129.5,3.4,0.9807,16.6914,0.0,0.7053
1018,True,False,2,0.994,93.8,3.4,0.9775,22.761,0.1316,0.8095
1019,True,False,3,0.9905,240.2,4.2,1.0,15.0921,0.0625,0.7969
1020,True,False,2,0.9924,105.5,3.1,0.9826,20.924,0.1471,0.7238
1021,True,False,2,0.9938,120.5,3.3,0.982,19.1412,0.0,0.7772
1022,True,False,1,0.8758,68.5,3.2,0.7238,15.7533,0.0,0.6515
1023,True,False,2,0.9935,108.5,3.4,0.9295,19.2096,0.0,0.7234
1024,True,False,3,0.9108,138.5,5.8,0.9062,56.5952,0.0952,0.6541
1025,True,True,2,0.9898,132.0,2.6,1.0,18.3017,0.0,0.7637
1026,True,False,2,0.9938,100.2,3.3,0.9928,17.3724,0.1333,0.7623
1027,True,False,2,0.9934,163.2,2.9,0.9658,17.1953,0.0256,0.6988
1028,True,False,2,0.9877,118.2,3.6,0.9938,16.8547,0.1471,0.8421
1029,True,False,2,0.9922,148.2,3.8,0.9315,14.3302,0.0741,0.7291
1030,True,True,2,0.9928,133.0,3.5,0.9973,15.1493,0.0,0.756
1031,True,False,2,0.9927,147.5,3.2,0.9975,19.935,0.0,0.713
1032,False,False,1,0.1868,43.5,3.3,0.6129,18.0549,0.0,0.5051
1033,True,False,2,0.9934,121.0,3.0,0.9353,15.518,0.0,0.6997
1034,True,False,2,0.9934,98.8,3.9,0.948,17.4302,0.0,0.6504
1035,True,False,1,0.7683,64.8,2.9,0.9778,36.8207,0.0588,0.9018
1036,True,False,2,0.9864,85.0,3.2,0.9737,17.7914,0.0,0.7534
1037,True,False,2,0.9934,144.2,2.5,0.9872,18.0854,0.0,0.6023
1038,True,False,2,0.9934,146.0,3.2,0.9221,18.4172,0.0,0.6804
1039,True,False,3,0.9934,91.2,4.3,0.9176,17.1491,0.0,0.6619
1040,True,False,2,0.9773,199.0,2.9,0.9926,42.6193,0.0,0.6668
1041,True,False,2,0.9592,195.0,3.2,1.0,57.3105,0.027,0.761
1042,True,False,2,0.9935,135.8,3.4,0.9702,19.3534,0.0,0.7937
1043,True,False,2,0.9937,87.5,3.0,0.992,20.1309,0.0,0.6889
1044,True,False,2,0.9912,164.0,3.5,0.9978,13.9814,0.0588,0.6701
1045,True,True,2,0.9951,108.0,2.9,0.7818,19.5744,0.0,0.5155
1046,True,False,2,0.9938,102.8,3.9,0.9887,17.6031,0.0,0.7342
1047,True,False,1,0.8686,64.5,3.2,0.9581,18.5136,0.0,0.5258
1048,True,False,2,0.9934,121.2,2.8,0.9182,18.3099,0.0,0.5209
1049,True,False,2,0.9554,126.5,3.3,0.9773,57.9143,0.125,0.6701
1050,True,False,2,0.9922,151.8,3.4,0.9484,13.4576,0.1071,0.5634
1051,True,False,1,0.8716,60.0,3.3,0.6279,16.6345,0.0,0.4104
1052,True,False,1,0.9074,63.0,2.8,0.7735,24.4303,0.0714,0.6279
1053,True,False,2,0.9933,93.2,2.7,0.9885,16.4668,0.0,0.6818
1054,True,False,2,0.9934,87.0,3.2,0.9383,16.2268,0.0263,0.6092
1055,True,True,2,0.9934,149.2,3.0,0.9566,16.0028,0.0,0.6166
1056,True,False,3,0.9108,89.5,5.7,0.9176,57.4062,0.0909,0.6492
1057,False,False,0,0.0587,22.8,3.5,0.0149,23.3528,0.0,0.567
1058,True,False,2,0.9934,122.0,2.5,0.9851,17.8531,0.0,0.6865
1059,True,False,2,0.9937,99.5,3.0,0.9816,23.1516,0.0,0.7466
1060,True,False,2,0.9935,100.2,3.5,0.9231,20.5291,0.0278,0.8016
1061,True,False,1,0.9163,65.2,3.1,0.9661,14.6939,0.0286,0.7224
1062,True,False,2,0.9934,90.5,3.3,0.9431,22.352,0.0,0.6863
1063,True,False,2,0.9935,122.5,3.2,0.9645,19.6883,0.0,0.7318
1064,True,False,2,0.9908,90.2,2.9,1.0,19.9763,0.0,0.665
1065,True,False,2,0.9917,164.5,3.0,0.9955,19.6372,0.0,0.812
1066,True,False,2,0.9928,215.0,3.8,0.9966,17.6806,0.0,0.734
1067,False,False,1,0.6008,65.0,3.5,0.7797,42.0773,0.0286,0.7351
1068,True,False,2,0.9908,89.2,3.0,1.0,20.4897,0.0,0.6762
1069,True,True,1,0.8288,66.0,2.8,0.6591,19.6014,0.0,0.4005
1070,True,False,2,0.9611,152.2,3.2,0.9714,10.791,0.1071,0.5217
1071,True,False,2,0.9925,125.2,3.4,0.8475,17.1746,0.0,0.7882
1072,True,False,2,0.9886,90.0,2.9,1.0,24.4814,0.0,0.7254
1073,True,False,2,0.993,112.5,2.6,0.9412,16.4709,0.027,0.6375
1074,True,False,1,0.3834,36.8,3.4,0.9118,39.0431,0.069,0.5068
1075,True,False,2,0.9935,106.2,3.8,0.9782,22.29,0.0217,0.7546
1076,True,False,2,0.9932,125.8,3.2,0.9646,16.5484,0.0,0.5174
1077,True,True,2,0.9935,145.8,2.9,0.9302,15.9634,0.0,0.7376
1078,True,False,2,0.992,94.0,3.4,0.9617,15.7636,0.1481,0.7641
1079,False,True,1,0.1616,20.2,3.8,1.0,43.3459,0.8,0.7982
1080,True,False,2,0.9594,160.8,2.4,0.9416,18.3421,0.0222,0.4541
1081,False,False,1,0.3512,41.5,3.6,0.8803,34.9502,0.0417,0.5244
1082,True,False,2,0.9934,87.8,3.0,0.9753,19.4054,0.125,0.6922
1083,True,False,3,0.9915,112.8,4.2,0.9902,14.8636,0.0,0.8289
1084,True,False,2,0.9935,109.2,3.2,0.9115,20.2076,0.0,0.8244
1085,True,False,2,0.9769,125.8,2.5,0.9821,36.4745,0.0294,0.5254
1086,True,False,2,0.9783,119.8,3.0,1.0,27.3929,0.0222,0.6979
1087,True,False,3,0.9914,94.2,4.1,0.9194,25.08,0.0,0.6052
1088,True,False,2,0.9934,143.5,3.4,0.9542,22.8575,0.0882,0.6364
1089,True,False,3,0.9937,113.5,4.3,0.9903,21.6974,0.0,0.6869
1090,True,False,2,0.9847,107.8,3.0,0.9967,28.5821,0.0204,0.7967
1091,True,False,2,0.9934,109.5,3.7,0.9574,17.7235,0.1071,0.6789
1092,True,True,2,0.9934,121.2,3.0,0.9572,17.5765,0.0,0.6504
1093,True,False,2,0.9934,119.2,3.3,0.8765,15.779,0.0,0.6254
1094,True,False,1,0.6117,41.5,3.0,0.9913,36.977,0.0588,0.7482
1095,True,False,3,0.992,95.0,4.7,0.9921,23.7955,0.0,0.8147
1096,True,False,1,0.4956,33.8,2.6,0.8454,31.9044,0.0588,0.6022
1097,True,False,2,0.8723,73.8,4.8,0.8265,22.577,0.0,0.6034
1098,True,False,2,0.9926,139.2,3.6,0.9974,23.3254,0.0,0.7642
1099,True,False,2,0.9833,83.8,3.0,0.8174,16.7762,0.0,0.6371
1100,True,False,2,0.9934,130.2,3.6,0.9743,16.2753,0.0294,0.6753
1101,True,False,2,0.9931,135.0,2.5,0.9749,17.8108,0.0244,0.7852
1102,True,False,2,0.9383,330.8,3.0,0.9791,13.7936,0.0625,0.4789
1103,True,False,2,0.9906,133.5,2.7,1.0,16.7441,0.0,0.7336
1104,True,False,2,0.9934,125.2,3.0,0.9713,22.6342,0.0,0.5929
1105,True,False,0,0.929,70.8,2.8,0.4896,17.8542,0.0714,0.534
1106,True,False,1,0.5506,32.2,3.5,0.8333,27.0455,0.0645,0.5967
1107,True,False,3,0.9176,106.5,5.7,0.9653,15.3521,0.0769,0.6612
1108,False,False,1,0.102,28.2,2.1,1.0,32.9121,0.0,0.8051
1109,True,False,2,0.993,144.2,3.3,0.985,24.6113,0.0,0.7512
1110,False,True,1,0.0672,23.5,2.8,1.0,32.6561,0.1111,0.6464
1111,True,False,2,0.9934,273.0,3.3,0.9065,17.0099,0.0,0.6282
1112,True,False,1,0.9142,76.2,3.2,0.9796,20.9335,0.0588,0.6667
1113,True,False,3,0.886,267.2,6.2,0.8806,13.3142,0.0526,0.7687
1114,True,False,2,0.9951,153.5,3.1,0.7482,18.6203,0.0,0.6934
1115,True,False,2,0.9934,100.2,3.4,0.9542,22.0237,0.0256,0.7117
1116,True,False,2,0.9935,216.8,3.4,0.9165,22.8685,0.0625,0.57
1117,True,False,2,0.9862,121.2,3.5,0.9691,27.1194,0.0,0.7379
1118,True,False,2,0.9934,165.5,3.2,0.8978,16.7247,0.0417,0.6068
1119,True,False,2,0.9921,118.8,3.3,0.9349,14.6662,0.0645,0.6681
1120,True,False,2,0.9936,92.8,2.9,0.988,22.4284,0.0465,0.5033
1121,True,False,2,0.9932,106.8,3.1,0.8789,18.3156,0.0,0.4741
1122,True,False,3,0.9935,123.5,4.3,0.8791,15.0595,0.0,0.7296
1123,True,True,2,0.9923,168.5,3.0,0.9847,12.2166,0.0,0.4819
1124,True,False,1,0.8948,46.8,3.3,0.9008,15.3598,0.0667,0.6074
1125,True,False,2,0.9896,151.5,2.6,1.0,16.7423,0.0606,0.6455
1126,True,False,3,0.9934,94.8,4.5,0.9209,22.2401,0.0465,0.638
1127,True,False,2,0.9942,141.0,3.1,0.9607,16.7237,0.08,0.8073
1128,True,True,1,0.7872,47.2,3.1,0.8529,17.5815,0.0,0.474
1129,True,False,2,0.9895,85.2,3.2,0.8952,17.8354,0.0263,0.7479
1130,True,False,2,0.9924,124.8,2.6,0.9943,16.8669,0.0,0.746
1131,True,False,3,0.9884,100.5,4.8,1.0,23.839,0.0,0.6652
1132,True,False,2,0.9915,101.2,3.7,0.9895,15.3948,0.12,0.8361
1133,True,False,2,0.9842,82.2,3.2,0.8478,21.999,0.0,0.6595
1134,True,False,2,0.9872,103.0,3.8,0.9858,15.2096,0.1818,0.74
1135,True,False,2,0.9937,96.8,2.9,0.9925,17.1713,0.0541,0.7024
1136,True,False,2,0.9937,139.2,3.4,0.9921,19.1336,0.0,0.6239
1137,False,False,1,0.4955,43.5,2.6,0.9762,21.3628,0.0667,0.7956
1138,True,False,2,0.9927,133.8,3.5,0.9841,18.1316,0.0,0.8258
1139,True,False,2,0.9934,99.0,3.5,0.9779,16.378,0.0909,0.6649
1140,True,False,2,0.9935,114.5,3.9,0.953,19.7806,0.0513,0.7324
1141,True,False,2,0.969,77.8,4.7,0.9668,16.953,0.0667,0.7938
1142,False,False,1,0.346,37.5,3.0,0.8,23.5687,0.0571,0.6911
1143,True,False,2,0.9921,175.8,3.0,0.9631,14.7704,0.0,0.5921
1144,True,False,2,0.9937,92.2,3.0,0.9879,16.8212,0.0,0.652
1145,True,False,3,0.9746,108.0,5.0,0.7842,5.8892,0.0476,0.4176
1146,True,True,2,0.9934,123.5,3.1,0.9612,17.4942,0.0,0.7047
1147,True,False,2,0.9611,186.5,3.1,0.8968,10.6485,0.0,0.5029
1148,False,False,2,0.7554,80.0,3.6,1.0,19.2319,0.0556,0.8358
1149,True,False,1,0.9346,59.5,3.9,0.9494,17.8192,0.0263,0.5425
1150,False,False,1,0.0175,20.8,2.6,1.0,8.2718,0.0588,0.8554
1151,True,True,2,0.9935,102.8,3.6,0.9752,16.4054,0.0,0.7845
1152,True,False,2,0.9911,90.2,3.2,0.86,14.6066,0.0294,0.644
1153,True,False,2,0.9928,117.0,3.5,0.8654,22.8488,0.0,0.6837
1154,True,False,3,0.9882,81.8,4.5,0.8618,15.3983,0.0571,0.5342
1155,True,False,2,0.9905,150.5,2.9,1.0,17.2069,0.0,0.7339
1156,True,False,2,0.9939,168.0,2.8,0.9843,18.4281,0.0,0.6864
1157,True,False,2,0.9937,116.2,3.5,0.9843,16.8223,0.0,0.6471
1158,False,False,1,0.1136,34.2,2.7,0.9899,8.9157,0.0938,0.7245
1159,True,False,3,0.9911,95.8,4.2,0.9228,13.829,0.0385,0.6667
1160,True,False,3,0.9927,123.8,4.0,0.9971,15.7801,0.0,0.673
1161,True,False,2,0.9934,113.0,3.4,0.918,18.5862,0.0,0.6319
1162,True,False,2,0.9884,151.0,3.9,1.0,12.034,0.0556,0.6192
1163,False,False,1,0.151,74.8,2.4,1.0,11.3795,0.0938,0.6654
1164,True,False,2,0.9934,99.0,3.0,0.9695,15.1169,0.0263,0.63
1165,True,False,2,0.9781,167.0,3.1,0.762,7.8946,0.0541,0.4318
1166,True,False,1,0.8411,57.0,3.0,0.9589,17.4023,0.0,0.6648
1167,True,False,2,0.9934,176.8,3.0,0.9566,15.536,0.0,0.5993
1168,False,False,2,0.5859,444.2,3.3,0.8644,14.345,0.0417,0.4204
1169,True,True,2,0.9934,131.0,3.0,0.9749,19.0551,0.0,0.642
1170,True,True,2,0.9868,104.0,3.0,1.0,16.0167,0.04,0.8279
1171,True,False,2,0.9935,137.5,3.0,0.9541,15.101,0.0,0.5789
1172,True,False,2,0.9934,93.5,3.0,0.9641,19.4668,0.0,0.6691
1173,True,False,2,0.9936,107.2,2.7,0.9597,19.8921,0.0,0.7538
1174,True,False,1,0.855,61.5,3.0,0.859,16.9511,0.0,0.5074
1175,False,False,2,0.0522,32.5,5.1,1.0,10.4664,0.1333,0.6665
1176,False,False,1,0.0996,26.5,2.3,1.0,36.9126,0.0455,0.4146
1177,True,False,1,0.5682,24.2,3.3,0.803,14.9682,0.0435,0.5459
1178,False,True,1,0.4458,24.5,3.1,0.9667,15.1865,0.0385,0.6675
1179,False,False,1,0.1312,40.5,2.5,1.0,18.3651,0.0,0.6792
1180,True,False,2,0.9953,116.2,3.1,0.8222,15.7212,0.0,0.5984
1181,True,True,1,0.9953,112.5,2.7,0.3994,17.9131,0.0,0.7197
1182,True,False,2,0.9928,111.5,3.4,0.8669,16.2843,0.0,0.7147
1183,False,False,2,0.0832,41.0,7.4,1.0,28.822,0.1818,0.5824
1184,True,False,2,0.9928,171.0,2.8,0.9956,16.3871,0.0,0.6626
1185,True,False,2,0.9615,170.2,3.3,0.9914,9.6962,0.0,0.646
1186,True,False,1,0.9951,131.8,3.4,0.0824,16.2194,0.0476,0.5871
1187,True,False,2,0.9482,101.8,2.9,0.9536,53.0849,0.0455,0.6001
1188,False,False,2,0.2208,307.0,3.5,0.9255,11.4051,0.1739,0.5658
1189,False,True,1,0.4474,45.5,2.5,1.0,249.3255,0.5,0.5145
1190,False,True,0,0.1511,25.5,3.1,0.0,19.6857,0.0,0.6229
1191,True,True,1,0.8914,46.5,3.0,0.9685,15.5985,0.04,0.5854
1192,True,False,2,0.9932,142.5,3.5,0.8853,14.8772,0.04,0.5107
1193,True,False,1,0.4048,28.2,2.6,0.8974,39.8506,0.0526,0.6181
1194,True,False,2,0.9935,116.5,3.0,0.9716,17.6428,0.0,0.7517
1195,True,False,2,0.993,131.5,2.6,0.9694,16.0664,0.0,0.6417
1196,False,False,1,0.2981,35.8,3.1,0.8384,23.9699,0.0,0.535
1197,True,False,1,0.9271,77.8,3.5,0.8762,17.8128,0.0,0.6813
1198,False,False,1,0.6011,67.0,2.4,0.8756,19.0764,0.0,0.7762
1199,False,True,1,0.0869,21.8,6.8,0.2545,217.4322,0.5,0.4599
1200,False,True,2,0.023,43.2,7.7,1.0,76.8448,0.375,0.6799
1201,False,False,1,0.0171,22.2,7.2,0.3509,38.3507,0.16,0.4826
1202,False,True,2,0.0425,56.5,9.8,1.0,48.1408,0.375,0.6694
1203,True,False,2,0.9903,121.8,2.9,1.0,15.9023,0.0,0.643
1204,False,True,2,0.0218,32.5,7.4,1.0,36.4065,0.4286,0.6932
1205,True,True,2,0.993,170.5,2.6,0.9264,17.8473,0.0,0.6298
1206,True,False,1,0.8408,48.2,2.9,0.7744,18.2181,0.0,0.4843
1207,True,False,1,0.9687,77.8,3.5,0.9857,19.697,0.0476,0.7368
1208,True,False,2,0.9904,128.2,2.7,1.0,16.1961,0.0,0.6315
1209,True,True,2,0.9941,92.0,2.7,0.8387,15.4669,0.0,0.5933
1210,False,False,2,0.0861,42.0,6.8,0.8739,17.4912,0.0476,0.4306
1211,True,False,2,0.9904,123.8,2.9,1.0,15.3945,0.0,0.5381
1212,True,False,2,0.9891,203.2,2.3,0.9927,16.3567,0.0,0.7378
1213,False,False,1,0.0335,23.0,3.2,1.0,31.4394,0.2,0.5998
1214,True,False,2,0.9316,365.8,2.7,0.9785,14.2872,0.0385,0.7778
1215,True,False,2,0.9926,92.2,3.3,0.8712,17.3313,0.0,0.4715
1216,True,False,2,0.9934,129.5,3.4,0.9394,18.7693,0.0,0.6222
1217,True,False,1,0.9177,61.2,3.8,0.9042,19.2276,0.1481,0.6967
1218,True,False,1,0.6313,28.5,3.7,0.8816,20.0376,0.1818,0.6348
1219,True,False,2,0.9868,128.8,3.1,1.0,16.1838,0.0,0.8325
1220,True,False,2,0.9939,102.0,3.4,0.6868,16.9994,0.1667,0.5909
1221,True,False,1,0.932,61.5,3.2,0.8012,19.4472,0.2381,0.6168
1222,True,True,1,0.9451,79.5,3.2,0.9091,19.9828,0.0,0.5524
1223,True,True,2,0.9932,107.8,3.5,0.9519,15.533,0.0,0.8541
1224,True,False,2,0.9908,143.5,3.1,1.0,19.6264,0.0,0.6333
1225,False,False,1,0.1637,33.8,2.5,0.871,35.7966,0.0,0.6184
1226,False,False,3,0.049,1197.0,7.2,0.9753,12.7208,0.2,0.7274
1227,True,False,2,0.9922,148.0,3.3,0.9726,12.0347,0.0,0.5377
1228,False,True,1,0.3627,58.0,3.6,0.9355,33.603,0.0,0.6613
1229,True,False,2,0.9905,135.5,3.2,1.0,18.7969,0.0,0.7584
1230,True,False,2,0.9924,88.2,3.2,0.8508,16.3371,0.0,0.6737
1231,True,False,2,0.9938,177.0,3.0,0.9897,17.0203,0.0,0.7339
1232,True,True,2,0.9938,104.0,3.1,0.9864,18.5949,0.0,0.7973
1233,False,True,1,0.0185,32.5,2.5,1.0,102.777,0.6667,0.5389
1234,True,False,2,0.9938,127.5,3.2,0.9913,19.2063,0.0,0.7757
1235,False,True,1,0.0949,54.5,2.7,1.0,31.9161,0.0,0.8314
1236,True,True,2,0.9935,137.2,2.5,0.9922,14.8511,0.0,0.7379
1237,False,False,3,0.3189,345.8,6.1,0.9471,21.5928,0.1429,0.6715
1238,True,False,2,0.9934,93.0,3.2,0.965,16.203,0.0,0.6666
1239,False,False,1,0.1631,31.5,2.6,0.9773,37.4933,0.0,0.5955
1240,True,False,2,0.9934,92.2,3.4,0.9427,18.6199,0.0,0.6568
1241,True,False,2,0.9937,121.0,3.3,0.9908,19.3056,0.0,0.6161
1242,True,False,2,0.9937,144.8,3.0,0.9822,18.1955,0.0,0.6411
1243,True,False,2,0.9945,258.2,2.8,0.784,12.1482,0.0345,0.4855
1244,True,False,2,0.9935,121.8,3.2,0.9762,16.5573,0.0,0.7738
1245,False,True,2,0.0852,39.2,8.1,1.0,97.5596,0.2857,0.6755
1246,True,False,2,0.9928,100.2,3.2,0.8681,15.3456,0.0,0.6146
1247,True,True,2,0.9938,123.5,3.2,0.9884,18.7279,0.0,0.7839
1248,True,False,2,0.9927,104.8,2.8,0.8396,20.5116,0.0,0.7654
1249,True,False,3,0.9927,171.0,4.7,0.9722,14.4171,0.0263,0.7781
1250,True,False,2,0.9937,156.2,3.2,0.9883,18.4837,0.0,0.7128
1251,True,True,2,0.9935,90.5,3.2,0.9677,15.5069,0.0,0.5446
1252,True,False,2,0.9932,134.2,3.2,0.9754,16.7364,0.0,0.8541
1253,True,False,2,0.9928,88.2,3.1,0.8686,18.3276,0.1053,0.6081
1254,False,False,1,0.2877,51.5,3.5,0.9007,32.7795,0.0,0.6151
1255,True,False,1,0.9274,56.8,3.0,0.9172,18.9437,0.125,0.6451
1256,False,False,2,0.2071,220.2,3.4,0.8727,4.0298,0.45,0.5182
1257,True,False,2,0.9935,120.2,3.4,0.9373,20.6633,0.1143,0.7197
1258,True,False,2,0.9921,119.0,3.6,0.9091,12.5406,0.0,0.6271
1259,True,False,2,0.9935,125.2,3.2,0.9296,18.8936,0.0,0.7461
1260,True,False,2,0.9922,189.0,2.8,0.9513,18.2934,0.1667,0.7586
1261,True,False,2,0.9939,139.2,2.8,0.9814,16.2068,0.0,0.7101
1262,True,False,2,0.9935,108.8,3.4,0.8914,18.8915,0.125,0.5777
1263,True,True,2,0.9934,105.2,3.1,0.9414,17.1713,0.0,0.6758
1264,False,False,1,0.0079,22.5,3.0,1.0,8.6903,0.6471,0.5619
1265,False,True,2,0.1074,31.5,9.5,0.5227,97.9299,0.2,0.6951
1266,True,False,2,0.9932,88.8,3.1,0.9506,18.0531,0.0,0.5004
1267,False,False,3,0.2947,340.0,6.2,0.8835,18.0747,0.1364,0.6594
1268,True,False,2,0.9934,155.5,2.7,0.9881,14.3744,0.0333,0.7156
1269,True,False,2,0.7933,82.5,2.4,0.9957,45.986,0.0,0.6965
1270,True,True,2,0.9926,120.0,3.3,0.9785,14.8744,0.0,0.6975
1271,True,False,2,0.9936,172.5,2.7,0.9398,15.757,0.0,0.7794
1272,True,False,2,0.9914,131.5,3.4,0.9972,19.0358,0.0,0.8268
1273,True,False,1,0.535,24.2,3.1,0.9667,41.1788,0.1765,0.6812
1274,True,False,2,0.9938,96.8,3.2,0.9845,15.486,0.0,0.8035
1275,True,False,1,0.7009,65.2,3.6,0.9438,15.5807,0.0,0.8313
1276,True,False,1,0.5505,45.5,2.4,0.9016,43.3221,0.075,0.4027
1277,True,False,2,0.9951,129.8,3.5,0.5371,17.2913,0.0,0.69
1278,False,True,2,0.0393,30.2,10.1,0.747,15.8849,0.0,0.4456
1279,True,False,3,0.9934,250.0,5.1,0.958,15.3423,0.0,0.6135
1280,True,False,1,0.6852,58.2,2.9,0.9618,44.4429,0.2778,0.7964
1281,True,False,2,0.9903,178.8,3.7,1.0,16.2929,0.0,0.6054
1282,True,False,2,0.9932,110.5,3.6,0.9186,15.2571,0.0,0.5155
1283,True,False,2,0.9934,145.0,2.9,0.9455,16.3845,0.0,0.6412
1284,True,False,1,0.7993,65.5,3.2,0.962,15.2489,0.0,0.7955
1285,True,True,1,0.9429,66.2,3.2,0.7797,16.2926,0.0333,0.6037
1286,True,True,2,0.9928,142.2,2.8,0.9974,18.6089,0.0385,0.6882
1287,True,False,2,0.975,80.5,2.9,0.9238,15.769,0.0222,0.6305
1288,True,False,1,0.5943,71.5,2.6,0.9648,28.4034,0.0652,0.3529
1289,True,True,2,0.9935,132.5,2.6,0.986,15.1791,0.0417,0.7529
1290,True,False,1,0.477,37.8,2.8,0.8929,43.5404,0.119,0.5643
1291,False,False,3,0.2109,327.8,6.1,0.9598,20.3663,0.2609,0.8395
1292,True,False,2,0.9911,89.5,3.1,0.9754,13.8557,0.0,0.6403
1293,False,False,1,0.0058,26.0,2.5,1.0,8.0683,0.7692,0.5785
1294,True,False,0,0.4542,35.0,3.2,0.1868,33.075,0.1765,0.4227
1295,True,False,1,0.4948,72.5,3.5,0.922,39.9621,0.0,0.8164
1296,True,False,2,0.9938,136.5,3.1,0.9842,16.0452,0.1111,0.7452
1297,True,False,2,0.9936,163.5,2.8,0.9698,17.7789,0.0714,0.8019
1298,True,False,1,0.8719,46.8,2.8,0.9606,22.836,0.1087,0.5682
1299,True,False,3,0.9938,134.5,4.5,0.9837,16.5513,0.0638,0.7984
1300,True,False,2,0.9931,103.5,2.6,0.9373,15.7265,0.0588,0.7433
1301,True,False,2,0.9924,94.5,2.5,0.9524,17.6378,0.0323,0.5351
1302,True,False,2,0.9616,151.8,3.2,0.9523,27.3578,0.2581,0.6648
1303,True,False,1,0.5443,42.2,3.2,0.8421,18.6833,0.102,0.4915
1304,True,False,2,0.9882,154.0,2.3,0.9761,17.5155,0.0345,0.6811
1305,True,False,2,0.9943,98.5,2.5,0.7707,16.5066,0.0571,0.6719
1306,True,False,2,0.9934,186.0,3.7,0.9691,15.4486,0.0,0.6987
1307,True,False,1,0.8532,46.8,3.2,0.8686,19.9086,0.1905,0.6797
1308,True,False,2,0.9918,92.0,3.3,0.9602,18.5786,0.1364,0.6227
1309,True,False,2,0.9809,91.2,3.6,0.8735,20.4802,0.1944,0.6768
1310,True,False,2,0.9935,128.2,3.0,0.9162,17.3385,0.0588,0.5701
1311,False,False,2,0.0268,27.5,12.8,0.9178,56.9496,0.75,0.5553
1312,True,False,2,0.9935,156.0,2.5,0.984,17.8034,0.0606,0.8007
1313,True,False,2,0.9866,122.0,3.7,0.7591,17.9604,0.2,0.5213
1314,True,False,1,0.7737,20.5,3.2,0.8704,45.5845,0.0,0.5801
1315,True,False,2,0.9778,111.8,2.3,0.9871,17.8239,0.0323,0.7821
1316,True,False,2,0.9898,124.2,2.5,1.0,17.3391,0.037,0.7242
1317,False,False,2,0.1972,198.0,2.7,1.0,17.6227,0.4737,0.8281
1318,True,False,2,0.9934,147.8,2.5,0.9924,17.1504,0.0417,0.6714
1319,True,False,3,0.9935,116.5,4.0,0.9531,16.832,0.0286,0.756
1320,True,False,2,0.9928,102.2,2.6,0.9927,16.5219,0.1154,0.7597
1321,False,False,1,0.0505,21.0,3.2,1.0,33.598,0.0968,0.5914
1322,False,False,1,0.4477,44.8,2.7,0.9664,33.125,0.0588,0.6673
1323,True,True,2,0.9935,119.8,2.7,0.9233,17.2713,0.125,0.6399
1324,True,False,1,0.3874,36.0,2.5,0.9897,32.733,0.0312,0.6622
1325,False,False,1,0.2264,70.5,2.5,0.9949,39.8084,0.1333,0.695
1326,False,False,1,0.2242,55.2,2.6,0.993,36.4323,0.0625,0.6944
1327,False,False,3,0.2461,318.0,5.7,0.9194,20.7512,0.3333,0.6265
1328,True,False,1,0.5097,29.5,2.9,0.8571,43.0348,0.0333,0.6118
1329,False,False,1,0.3707,42.0,3.4,0.9355,41.5706,0.0645,0.81
1330,False,False,1,0.3208,50.0,2.4,0.875,38.3591,0.0769,0.4424
1331,True,False,3,0.9935,112.0,4.3,0.9532,17.4865,0.0312,0.5651
1332,False,False,1,0.0289,29.0,3.0,0.9012,7.2297,0.5882,0.3896
1333,False,False,2,0.232,164.2,2.3,0.9933,34.5693,0.2083,0.5248
1334,False,True,1,0.073,24.5,2.5,1.0,14.0997,0.3125,0.5431
1335,False,False,1,0.0813,28.8,2.4,1.0,27.0709,0.4118,0.5433
1336,False,True,2,0.3069,66.8,8.1,1.0,115.9049,0.0833,0.2382
1337,True,False,1,0.8187,77.5,3.3,0.9575,28.7606,0.0,0.5663
1338,True,False,1,0.5761,41.8,3.1,0.9386,37.7719,0.0357,0.8058
1339,True,False,2,0.9775,81.5,3.1,0.9439,15.7846,0.0976,0.6309
1340,False,True,2,0.2226,32.0,8.5,1.0,102.8133,0.0833,0.3646
1341,True,False,1,0.901,57.5,3.3,0.729,13.5691,0.0882,0.5464
1342,False,False,1,0.0939,29.2,2.7,0.9,67.3026,0.1852,0.3476
1343,True,False,2,0.9938,94.2,3.1,0.9922,18.3666,0.1282,0.7492
1344,True,False,1,0.4494,26.2,2.5,1.0,28.9312,0.1163,0.6922
1345,False,True,2,0.2027,24.2,7.8,1.0,117.1799,0.0833,0.4153
1346,False,True,2,0.251,42.8,7.2,1.0,128.2668,0.0833,0.4972
1347,False,True,2,0.0375,21.8,8.2,1.0,154.7587,0.0,0.342
1348,True,False,2,0.9934,119.5,2.5,0.988,16.9841,0.122,0.6631
1349,True,False,1,0.8402,45.8,2.6,0.8667,24.8587,0.0741,0.3728
1350,False,True,1,0.0131,35.2,3.0,1.0,0.0,0.5455,0.5556
1351,False,False,1,0.1945,67.0,2.3,0.9459,31.2562,0.1316,0.6217
1352,False,False,1,0.1014,34.5,2.8,0.9255,82.6007,0.2692,0.2954
1353,True,False,1,0.9206,70.2,2.9,0.8947,16.1417,0.1389,0.6515
1354,True,False,1,0.913,71.2,3.3,0.915,13.8682,0.1111,0.5798
1355,False,False,1,0.0156,43.0,3.1,1.0,7.6116,0.7059,0.4799
1356,True,False,3,0.9141,164.5,4.7,1.0,39.0937,0.2258,0.5
1357,False,True,2,0.1699,27.0,7.2,1.0,131.0692,0.0833,0.3595
1358,False,False,1,0.0365,26.2,3.4,1.0,15.1691,0.7059,0.6524
1359,False,False,2,0.0198,26.0,4.0,1.0,26.6365,0.8889,0.6296
1360,False,True,2,0.3057,31.5,7.3,1.0,116.505,0.0833,0.5452
1361,False,True,1,0.0866,21.8,7.4,0.0847,274.9201,0.5,0.3462
1362,False,False,1,0.0072,23.2,2.5,1.0,101.3545,0.3889,0.6788
1363,False,True,2,0.2412,30.8,7.2,1.0,136.9971,0.0833,0.4615
1364,False,False,2,0.1558,94.8,2.6,0.9183,118.7453,0.45,0.494
1365,False,True,2,0.3189,55.2,7.3,1.0,127.8371,0.0833,0.3385
1366,False,False,2,0.1212,48.5,5.1,0.9837,52.5348,0.3158,0.3654
1367,False,True,2,0.2879,50.0,7.8,1.0,118.5228,0.0833,0.5124
1368,False,False,1,0.0942,32.2,3.5,1.0,11.7185,0.2917,0.678
1369,False,True,2,0.2226,33.8,7.7,1.0,134.6909,0.0833,0.3327
1370,False,False,1,0.0122,35.0,3.0,1.0,2.5107,0.6429,0.5959
1371,False,False,1,0.1767,77.2,3.5,0.9091,27.7831,0.6154,0.7122
1372,False,False,2,0.0434,84.8,2.5,0.8744,97.2525,0.6429,0.4278
1373,False,False,2,0.0785,327.5,3.4,1.0,27.6523,0.6667,0.8161
1374,False,False,1,0.0835,33.0,2.5,0.8571,21.959,0.6429,0.3955
1375,False,False,1,0.0056,27.5,2.9,1.0,4.8646,0.6667,0.78
1376,True,False,3,0.9097,1400.2,5.6,0.9979,15.1775,0.4444,0.5997
1377,False,True,1,0.1094,52.2,2.4,0.6312,27.8592,0.6923,0.5242
1378,False,True,0,0.2298,53.8,3.0,0.4286,8.2075,0.7143,0.5375
1379,False,True,1,0.0559,27.5,2.5,0.9875,12.3075,0.6,0.6246
1380,False,False,1,0.1864,47.0,2.7,1.0,18.9294,0.75,0.6649
1381,False,False,1,0.0072,41.0,3.9,1.0,0.0,0.8125,0.6848
1382,False,True,2,0.0724,41.2,4.6,1.0,12.4894,0.6364,0.8058
1383,False,False,2,0.0177,37.2,10.5,0.9245,0.0,0.4783,0.3675
1384,False,False,1,0.0318,36.5,3.7,0.51,32.1629,0.8235,0.3258
1385,True,False,2,0.8162,127.8,3.4,0.9886,9.8982,0.4286,0.7485
1386,False,True,2,0.029,33.2,4.0,1.0,3.0647,0.3333,0.6108
1387,False,False,1,0.0071,21.8,8.0,0.0159,0.0,0.4615,0.6446
1388,False,False,1,0.0171,23.5,5.1,0.0,47.9253,0.3571,0.4887
1389,False,False,1,0.1092,28.0,3.5,0.9701,17.4613,0.3793,0.4625
1390,True,False,2,0.9749,139.2,3.6,0.9973,52.8172,0.2333,0.8065
1391,False,False,1,0.1124,26.5,4.2,0.4853,16.5352,0.3548,0.7
1392,True,False,1,0.3671,39.2,2.8,0.9636,36.7877,0.303,0.5521
1393,True,False,2,0.9801,90.0,3.9,0.7952,23.4819,0.2143,0.7479
1394,True,False,2,0.9015,104.5,2.5,0.8935,37.6309,0.2258,0.4464
1395,False,False,1,0.0574,39.8,2.5,0.9909,22.9241,0.7778,0.7524
1396,True,False,3,0.8708,85.8,4.0,0.9458,41.015,0.2821,0.6538
1397,True,False,1,0.9043,57.0,3.1,0.7078,19.704,0.2432,0.5691
1398,True,False,2,0.9366,122.8,3.3,0.7229,9.6585,0.3056,0.46
1399,False,False,2,0.0892,113.2,2.9,1.0,141.3136,0.8421,0.5126
1400,False,False,1,0.0101,25.2,3.0,1.0,90.2849,0.5,0.7169
1401,False,True,1,0.3603,46.0,2.5,1.0,373.4188,0.9231,0.4715
1402,False,True,3,0.3458,1428.0,6.2,1.0,0.0,0.0,0.7368
1403,False,True,1,0.0376,40.5,3.4,0.916,131.9612,0.5455,0.3677
1404,False,False,2,0.1028,193.8,2.8,1.0,14.8153,0.7647,0.6852
1405,True,False,2,0.7959,63.5,4.3,0.8547,39.0137,0.2353,0.4403
1406,False,False,1,0.0161,25.2,12.3,0.0735,77.2543,0.8125,0.6455
1407,False,False,1,0.0062,23.8,2.2,0.9846,93.3134,0.7778,0.5551
1408,False,False,1,0.0202,34.5,2.7,0.8556,158.0038,0.7895,0.6779
1409,False,False,1,0.048,22.0,3.3,1.0,22.3374,0.2143,0.6483
1410,True,False,2,0.9731,115.0,2.9,0.9937,24.0434,0.2083,0.6658
1411,False,False,2,0.516,86.8,2.5,1.0,39.8578,0.2093,0.7092
1412,True,False,2,0.9611,202.2,3.6,0.8173,51.4549,0.275,0.434
1413,False,True,1,0.0334,65.0,2.1,0.9247,120.1879,0.5455,0.5284
1414,False,True,1,0.2234,28.0,3.4,1.0,253.8149,0.7857,0.7321
1415,False,True,1,0.211,32.2,2.2,1.0,241.1593,0.9,0.4914
1416,False,False,1,0.0507,22.2,2.3,1.0,22.9063,0.2143,0.5865
1417,False,False,1,0.2404,27.5,2.3,0.9583,31.6384,0.2,0.7468
1418,False,True,2,0.1852,190.0,2.5,0.8899,90.8591,0.5,0.458
1419,True,False,1,0.5861,39.8,2.5,0.9279,48.3641,0.2368,0.5804
1420,False,False,1,0.0296,40.0,2.4,0.9741,132.3809,0.5,0.7277
1421,True,False,2,0.963,109.0,2.9,0.9897,41.3549,0.4118,0.7567
1422,True,False,2,0.9113,130.5,3.0,0.8122,51.3459,0.5,0.3851
1423,False,True,1,0.0151,64.2,2.3,0.9831,98.7365,0.5455,0.7218
1424,False,False,1,0.027,28.5,7.1,0.0,139.3538,0.5,0.4827
1425,False,False,2,0.131,157.2,2.9,0.9076,11.15,0.7333,0.501
1426,True,False,2,0.9575,196.5,3.5,0.9627,35.4065,0.25,0.7298
1427,False,True,2,0.0915,22.2,4.1,0.9077,220.242,0.7692,0.4869
1428,False,False,1,0.0801,26.5,2.8,0.9,50.0249,0.4333,0.6412
1429,False,False,2,0.147,170.8,3.2,0.9827,14.7781,0.7647,0.7056
1430,False,True,1,0.0219,33.8,2.7,0.9798,122.3751,0.6429,0.7175
1431,True,False,2,0.9789,94.0,2.6,0.8918,27.9327,0.2368,0.5329
1432,False,True,1,0.0443,52.2,9.2,0.3169,99.4544,0.8571,0.6115
1433,False,False,1,0.0261,24.8,2.8,1.0,20.3676,0.6,0.4902
1434,False,False,1,0.1151,28.8,2.5,0.7722,30.5829,0.3235,0.6203
1435,True,False,3,0.9813,119.0,4.2,1.0,18.7432,0.2581,0.8566
1436,True,False,2,0.9832,133.0,3.4,0.9891,16.6606,0.2647,0.8136
1437,True,False,1,0.6286,70.2,3.7,1.0,35.2124,0.4444,0.8064
1438,True,False,2,0.9733,141.5,3.0,0.9399,14.543,0.2564,0.555
1439,True,False,1,0.7974,54.2,3.9,1.0,17.0592,0.2558,0.7821
1440,False,True,2,0.306,31.8,4.0,0.8913,274.6834,0.8,0.7318
1441,False,True,2,0.0112,37.5,4.0,1.0,3.4669,0.5,0.5294
1442,False,False,1,0.0333,25.8,2.6,1.0,9.6412,0.3077,0.375
1443,True,False,2,0.9679,107.5,3.5,0.9965,14.5568,0.3448,0.7185
1444,True,False,2,0.9868,125.0,3.9,0.8571,15.1331,0.4286,0.5035
1445,False,False,3,0.1443,123.5,4.7,1.0,12.9545,0.5833,0.8181
1446,False,False,2,0.0656,80.5,3.8,0.9589,43.9903,0.7143,0.7146
1447,False,False,1,0.0146,32.8,11.1,0.1494,4.1184,0.3235,0.4357
1448,False,False,1,0.0128,30.5,11.1,0.1852,0.0,0.3659,0.5504
1449,False,False,2,0.0066,21.0,9.2,0.5,0.502,0.3611,0.5463
1450,False,False,1,0.0462,29.5,2.6,0.9459,10.2656,0.35,0.6893
1451,False,False,2,0.0189,35.2,5.2,0.6522,57.2709,0.85,0.4719
1452,False,False,1,0.0634,26.5,2.6,1.0,19.0936,0.3448,0.6886
1453,True,False,1,0.8771,70.0,3.0,0.7644,13.0366,0.3947,0.538
1454,False,False,1,0.194,39.8,2.3,0.8991,18.8256,0.4359,0.5748
1455,False,False,1,0.0066,24.0,6.8,0.4839,11.0598,0.3846,0.4036
1456,False,True,1,0.1203,23.5,2.4,1.0,292.9718,0.7778,0.7596
1457,False,True,1,0.1581,25.8,2.0,1.0,213.7049,0.75,0.6569
1458,False,False,1,0.0126,22.2,3.5,0.9821,63.9403,0.7059,0.6211
1459,False,False,1,0.0073,24.0,3.8,1.0,76.6002,0.6667,0.6026
1460,False,False,2,0.0358,25.2,4.0,0.7797,60.8094,0.625,0.3854
1461,False,False,1,0.0587,55.5,2.6,0.9682,117.7086,0.7059,0.6262
1462,False,False,1,0.0148,21.5,3.7,1.0,18.93,0.5,0.6149
1463,False,False,1,0.0403,23.0,2.8,1.0,47.1964,0.3478,0.8016
1464,False,True,2,0.0248,31.5,4.1,1.0,87.2567,0.6667,0.6273
1465,False,False,1,0.1415,62.2,3.1,1.0,40.1857,0.3438,0.6631
1466,False,False,1,0.0182,20.8,2.8,0.9836,47.4707,0.625,0.6207
1467,False,False,1,0.0093,20.8,2.5,1.0,93.1353,0.3333,0.5842
1468,False,False,1,0.0369,22.0,3.6,0.8382,43.9652,0.3462,0.6283
1469,False,True,1,0.0249,29.8,9.0,0.2785,146.8692,0.75,0.5877
1470,False,True,2,0.0284,36.8,6.2,0.6979,86.483,0.6,0.4085
1471,False,False,1,0.392,44.2,3.1,0.9573,38.2686,0.2903,0.6537
1472,True,False,2,0.9347,80.5,2.3,0.897,21.3346,0.3077,0.624
1473,True,False,2,0.9836,97.5,3.2,0.9326,21.348,0.2941,0.6916
1474,True,False,2,0.9821,105.2,2.9,0.976,21.1097,0.3333,0.6833
1475,True,False,2,0.983,161.2,3.0,0.9799,21.1899,0.3333,0.674
1476,True,False,2,0.9835,112.0,3.2,0.9265,22.9856,0.2692,0.5669
1477,True,False,2,0.9887,128.5,2.9,0.9542,21.6691,0.3077,0.7648
1478,False,True,1,0.0833,21.2,2.2,1.0,185.5372,0.7143,0.6984
1479,True,False,2,0.9858,122.0,3.4,0.8097,23.1828,0.3077,0.6407
1480,True,False,2,0.9823,158.2,3.0,0.9623,20.7044,0.3214,0.5305
1481,True,False,2,0.9866,88.8,3.1,0.8652,21.6332,0.3043,0.4952
1482,True,False,1,0.9507,78.0,3.1,0.8394,22.5422,0.3182,0.5579
1483,False,True,1,0.3955,42.0,2.4,1.0,297.0458,0.7,0.8138
1484,True,False,2,0.9816,130.8,2.9,0.9428,23.1323,0.4286,0.6269
1485,True,False,1,0.9874,129.8,3.1,0.3547,21.5755,0.4348,0.7588
1486,False,True,1,0.0181,34.8,2.0,0.9904,151.8725,0.7333,0.6759
1487,True,False,2,0.749,94.5,3.1,0.93,19.6419,0.55,0.6649
1488,False,True,1,0.0637,43.8,3.6,1.0,30.6776,0.6667,0.6413
1489,True,False,2,0.9816,281.2,3.4,0.9702,16.2014,0.3636,0.4566
1490,False,False,1,0.0262,85.0,2.0,0.3621,66.7537,0.3333,0.4851
1491,False,False,1,0.053,33.5,3.3,1.0,102.4074,0.3333,0.6473
1492,False,True,0,0.0621,21.2,2.7,0.3929,338.3686,0.7778,0.5374
1493,True,False,3,0.7816,521.0,7.0,1.0,22.778,0.8,0.3861
1494,False,True,1,0.0167,41.2,2.4,1.0,100.8507,0.4545,0.4152
1495,False,True,1,0.0107,23.8,2.0,1.0,23.5134,0.5,0.5342
1496,True,False,2,0.9881,161.0,2.9,0.9864,17.7794,0.1875,0.8069
1497,True,False,2,0.9922,143.5,2.4,0.9394,16.7574,0.1111,0.9365
1498,False,False,1,0.2058,29.8,3.1,1.0,18.178,0.1905,0.5807
1499,True,False,1,0.8124,31.2,2.6,1.0,208.5038,0.3333,0.7875
1500,False,False,1,0.0632,39.2,3.1,0.9899,61.1326,0.3333,0.3397
1501,False,False,1,0.0074,21.8,3.0,1.0,78.2261,0.3333,0.3961
1502,False,True,2,0.033,82.2,2.7,1.0,88.1081,0.4545,0.5274
1503,False,True,2,0.1043,88.5,2.4,1.0,98.9536,0.4286,0.4969
